[socketio-spring-boot-starter/2.3.x] 失败 - 分支切换失败
[socketio-spring-boot-starter/2.7.x] 失败 - 分支切换失败
[socketio-spring-boot-starter/3.0.x] 失败 - 分支切换失败
[socketio-spring-boot-starter/3.1.x] 失败 - 分支切换失败
[socketio-spring-boot-starter/3.2.x] 失败 - 分支切换失败
[[1;34mINFO[m] Scanning for projects...
[[1;34mINFO[m] 
[[1;34mINFO[m] [1m-----------< [0;36mio.github.hiwepy:socketio-spring-boot-starter[0;1m >-----------[m
[[1;34mINFO[m] [1mBuilding io.github.hiwepy:socketio-spring-boot-starter 4.0.x.20251227-SNAPSHOT[m
[[1;34mINFO[m] [1m--------------------------------[ jar ]---------------------------------[m
Downloading from aiban-tianyin-core: https://aiban-maven.pkg.coding.net/repository/tianyin/core/com/hazelcast/hazelcast-client/3.12.13/hazelcast-client-3.12.13.pom
Progress (1): 4.1 kB
Progress (1): 8.2 kB
Progress (1): 11 kB 
                   
Downloaded from aiban-tianyin-core: https://aiban-maven.pkg.coding.net/repository/tianyin/core/com/hazelcast/hazelcast-client/3.12.13/hazelcast-client-3.12.13.pom (11 kB at 12 kB/s)
Downloading from aiban-tianyin-core: https://aiban-maven.pkg.coding.net/repository/tianyin/core/com/hazelcast/hazelcast-root/3.12.13/hazelcast-root-3.12.13.pom
Progress (1): 2.6 kB
Progress (1): 6.7 kB
Progress (1): 11 kB 
Progress (1): 14 kB
Progress (1): 16 kB
Progress (1): 19 kB
Progress (1): 22 kB
Progress (1): 25 kB
Progress (1): 28 kB
Progress (1): 32 kB
Progress (1): 36 kB
Progress (1): 39 kB
Progress (1): 42 kB
Progress (1): 46 kB
Progress (1): 50 kB
Progress (1): 53 kB
Progress (1): 57 kB
Progress (1): 61 kB
Progress (1): 64 kB
                   
Downloaded from aiban-tianyin-core: https://aiban-maven.pkg.coding.net/repository/tianyin/core/com/hazelcast/hazelcast-root/3.12.13/hazelcast-root-3.12.13.pom (64 kB at 95 kB/s)
Downloading from aiban-tianyin-core: https://aiban-maven.pkg.coding.net/repository/tianyin/core/com/hazelcast/hazelcast/3.12.13/hazelcast-3.12.13.pom
Progress (1): 3.8 kB
Progress (1): 7.9 kB
Progress (1): 11 kB 
Progress (1): 14 kB
Progress (1): 18 kB
Progress (1): 21 kB
Progress (1): 21 kB
                   
Downloaded from aiban-tianyin-core: https://aiban-maven.pkg.coding.net/repository/tianyin/core/com/hazelcast/hazelcast/3.12.13/hazelcast-3.12.13.pom (21 kB at 31 kB/s)
Downloading from aiban-tianyin-core: https://aiban-maven.pkg.coding.net/repository/tianyin/core/org/redisson/redisson/3.36.0/redisson-3.36.0.pom
Progress (1): 2.6 kB
Progress (1): 6.7 kB
Progress (1): 11 kB 
Progress (1): 14 kB
Progress (1): 16 kB
Progress (1): 21 kB
Progress (1): 22 kB
                   
Downloaded from aiban-tianyin-core: https://aiban-maven.pkg.coding.net/repository/tianyin/core/org/redisson/redisson/3.36.0/redisson-3.36.0.pom (22 kB at 61 kB/s)
Downloading from aiban-tianyin-core: https://aiban-maven.pkg.coding.net/repository/tianyin/core/org/redisson/redisson-parent/3.36.0/redisson-parent-3.36.0.pom
Progress (1): 2.6 kB
Progress (1): 6.7 kB
Progress (1): 11 kB 
Progress (1): 14 kB
Progress (1): 16 kB
Progress (1): 17 kB
                   
Downloaded from aiban-tianyin-core: https://aiban-maven.pkg.coding.net/repository/tianyin/core/org/redisson/redisson-parent/3.36.0/redisson-parent-3.36.0.pom (17 kB at 57 kB/s)
Downloading from aiban-tianyin-core: https://aiban-maven.pkg.coding.net/repository/tianyin/core/io/netty/netty-bom/4.1.112.Final/netty-bom-4.1.112.Final.pom
Downloaded from aiban-tianyin-core: https://aiban-maven.pkg.coding.net/repository/tianyin/core/io/netty/netty-bom/4.1.112.Final/netty-bom-4.1.112.Final.pom (0 B at 0 B/s)
Downloading from aiban-tianyin-core: https://aiban-maven.pkg.coding.net/repository/tianyin/core/com/esotericsoftware/kryo/5.6.0/kryo-5.6.0.pom
Downloaded from aiban-tianyin-core: https://aiban-maven.pkg.coding.net/repository/tianyin/core/com/esotericsoftware/kryo/5.6.0/kryo-5.6.0.pom (0 B at 0 B/s)
Downloading from aiban-tianyin-core: https://aiban-maven.pkg.coding.net/repository/tianyin/core/com/esotericsoftware/kryo-parent/5.6.0/kryo-parent-5.6.0.pom
Downloaded from aiban-tianyin-core: https://aiban-maven.pkg.coding.net/repository/tianyin/core/com/esotericsoftware/kryo-parent/5.6.0/kryo-parent-5.6.0.pom (0 B at 0 B/s)
Downloading from aiban-tianyin-core: https://aiban-maven.pkg.coding.net/repository/tianyin/core/org/jodd/jodd-util/6.2.2/jodd-util-6.2.2.pom
Downloaded from aiban-tianyin-core: https://aiban-maven.pkg.coding.net/repository/tianyin/core/org/jodd/jodd-util/6.2.2/jodd-util-6.2.2.pom (0 B at 0 B/s)
Downloading from aiban-tianyin-core: https://aiban-maven.pkg.coding.net/repository/tianyin/core/org/springframework/boot/spring-boot-starter-tomcat/4.0.1/spring-boot-starter-tomcat-4.0.1.pom
Progress (1): 2.5 kB
                    
Downloaded from aiban-tianyin-core: https://aiban-maven.pkg.coding.net/repository/tianyin/core/org/springframework/boot/spring-boot-starter-tomcat/4.0.1/spring-boot-starter-tomcat-4.0.1.pom (2.5 kB at 6.6 kB/s)
Downloading from aiban-tianyin-core: https://aiban-maven.pkg.coding.net/repository/tianyin/core/org/springframework/boot/spring-boot-starter-tomcat-runtime/4.0.1/spring-boot-starter-tomcat-runtime-4.0.1.pom
Progress (1): 2.6 kB
Progress (1): 3.7 kB
                    
Downloaded from aiban-tianyin-core: https://aiban-maven.pkg.coding.net/repository/tianyin/core/org/springframework/boot/spring-boot-starter-tomcat-runtime/4.0.1/spring-boot-starter-tomcat-runtime-4.0.1.pom (3.7 kB at 9.7 kB/s)
Downloading from aiban-tianyin-core: https://aiban-maven.pkg.coding.net/repository/tianyin/core/org/springframework/boot/spring-boot-tomcat/4.0.1/spring-boot-tomcat-4.0.1.pom
Progress (1): 2.6 kB
Progress (1): 2.6 kB
                    
Downloaded from aiban-tianyin-core: https://aiban-maven.pkg.coding.net/repository/tianyin/core/org/springframework/boot/spring-boot-tomcat/4.0.1/spring-boot-tomcat-4.0.1.pom (2.6 kB at 7.2 kB/s)
Downloading from aiban-tianyin-core: https://aiban-maven.pkg.coding.net/repository/tianyin/core/org/springframework/boot/spring-boot-web-server/4.0.1/spring-boot-web-server-4.0.1.pom
Progress (1): 2.2 kB
                    
Downloaded from aiban-tianyin-core: https://aiban-maven.pkg.coding.net/repository/tianyin/core/org/springframework/boot/spring-boot-web-server/4.0.1/spring-boot-web-server-4.0.1.pom (2.2 kB at 6.2 kB/s)
Downloading from aiban-tianyin-core: https://aiban-maven.pkg.coding.net/repository/tianyin/core/org/apache/tomcat/embed/tomcat-embed-core/11.0.15/tomcat-embed-core-11.0.15.pom
Downloaded from aiban-tianyin-core: https://aiban-maven.pkg.coding.net/repository/tianyin/core/org/apache/tomcat/embed/tomcat-embed-core/11.0.15/tomcat-embed-core-11.0.15.pom (0 B at 0 B/s)
Downloading from aiban-tianyin-core: https://aiban-maven.pkg.coding.net/repository/tianyin/core/org/apache/tomcat/embed/tomcat-embed-el/11.0.15/tomcat-embed-el-11.0.15.pom
Downloaded from aiban-tianyin-core: https://aiban-maven.pkg.coding.net/repository/tianyin/core/org/apache/tomcat/embed/tomcat-embed-el/11.0.15/tomcat-embed-el-11.0.15.pom (0 B at 0 B/s)
Downloading from aiban-tianyin-core: https://aiban-maven.pkg.coding.net/repository/tianyin/core/org/apache/tomcat/embed/tomcat-embed-websocket/11.0.15/tomcat-embed-websocket-11.0.15.pom
Downloaded from aiban-tianyin-core: https://aiban-maven.pkg.coding.net/repository/tianyin/core/org/apache/tomcat/embed/tomcat-embed-websocket/11.0.15/tomcat-embed-websocket-11.0.15.pom (0 B at 0 B/s)
Downloading from aiban-tianyin-core: https://aiban-maven.pkg.coding.net/repository/tianyin/core/com/corundumstudio/socketio/netty-socketio/2.0.11/netty-socketio-2.0.11.jar
Downloading from aiban-tianyin-core: https://aiban-maven.pkg.coding.net/repository/tianyin/core/com/esotericsoftware/kryo/5.6.0/kryo-5.6.0.jar
Downloading from aiban-tianyin-core: https://aiban-maven.pkg.coding.net/repository/tianyin/core/org/redisson/redisson/3.36.0/redisson-3.36.0.jar
Downloading from aiban-tianyin-core: https://aiban-maven.pkg.coding.net/repository/tianyin/core/com/hazelcast/hazelcast/3.12.13/hazelcast-3.12.13.jar
Downloading from aiban-tianyin-core: https://aiban-maven.pkg.coding.net/repository/tianyin/core/com/hazelcast/hazelcast-client/3.12.13/hazelcast-client-3.12.13.jar
Downloaded from aiban-tianyin-core: https://aiban-maven.pkg.coding.net/repository/tianyin/core/com/esotericsoftware/kryo/5.6.0/kryo-5.6.0.jar (0 B at 0 B/s)
Downloading from aiban-tianyin-core: https://aiban-maven.pkg.coding.net/repository/tianyin/core/org/jodd/jodd-util/6.2.2/jodd-util-6.2.2.jar
Downloaded from aiban-tianyin-core: https://aiban-maven.pkg.coding.net/repository/tianyin/core/org/jodd/jodd-util/6.2.2/jodd-util-6.2.2.jar (0 B at 0 B/s)
Downloading from aiban-tianyin-core: https://aiban-maven.pkg.coding.net/repository/tianyin/core/org/springframework/boot/spring-boot-starter-tomcat/4.0.1/spring-boot-starter-tomcat-4.0.1.jar
Progress (1): 3.8 kB
Progress (1): 4.8 kB
Progress (2): 4.8 kB | 2.6 kB
Progress (2): 4.8 kB | 6.7 kB
Progress (2): 4.8 kB | 11 kB 
Progress (2): 4.8 kB | 14 kB
Progress (2): 4.8 kB | 17 kB
Progress (2): 4.8 kB | 21 kB
Progress (2): 4.8 kB | 23 kB
Progress (2): 4.8 kB | 26 kB
Progress (2): 4.8 kB | 29 kB
Progress (2): 4.8 kB | 32 kB
Progress (2): 4.8 kB | 36 kB
Progress (2): 4.8 kB | 39 kB
Progress (2): 4.8 kB | 42 kB
Progress (2): 4.8 kB | 44 kB
Progress (2): 4.8 kB | 48 kB
Progress (2): 4.8 kB | 52 kB
Progress (2): 4.8 kB | 57 kB
Progress (2): 4.8 kB | 61 kB
Progress (2): 4.8 kB | 65 kB
Progress (2): 4.8 kB | 69 kB
Progress (2): 4.8 kB | 73 kB
Progress (2): 4.8 kB | 77 kB
Progress (2): 4.8 kB | 81 kB
Progress (2): 4.8 kB | 85 kB
Progress (2): 4.8 kB | 89 kB
Progress (2): 4.8 kB | 93 kB
Progress (2): 4.8 kB | 98 kB
Progress (2): 4.8 kB | 102 kB
Progress (2): 4.8 kB | 106 kB
Progress (2): 4.8 kB | 110 kB
Progress (2): 4.8 kB | 114 kB
Progress (2): 4.8 kB | 118 kB
Progress (2): 4.8 kB | 122 kB
Progress (2): 4.8 kB | 126 kB
Progress (2): 4.8 kB | 130 kB
Progress (2): 4.8 kB | 134 kB
Progress (2): 4.8 kB | 138 kB
Progress (2): 4.8 kB | 143 kB
Progress (2): 4.8 kB | 147 kB
Progress (2): 4.8 kB | 151 kB
Progress (2): 4.8 kB | 155 kB
Progress (2): 4.8 kB | 159 kB
Progress (2): 4.8 kB | 163 kB
Progress (2): 4.8 kB | 167 kB
Progress (2): 4.8 kB | 171 kB
Progress (2): 4.8 kB | 175 kB
Progress (2): 4.8 kB | 179 kB
Progress (2): 4.8 kB | 184 kB
Progress (2): 4.8 kB | 188 kB
Progress (2): 4.8 kB | 192 kB
Progress (2): 4.8 kB | 196 kB
Progress (2): 4.8 kB | 200 kB
Progress (2): 4.8 kB | 204 kB
Progress (2): 4.8 kB | 208 kB
Progress (2): 4.8 kB | 212 kB
Progress (2): 4.8 kB | 216 kB
Progress (2): 4.8 kB | 220 kB
Progress (2): 4.8 kB | 224 kB
Progress (2): 4.8 kB | 229 kB
Progress (2): 4.8 kB | 233 kB
Progress (2): 4.8 kB | 237 kB
Progress (2): 4.8 kB | 241 kB
Progress (2): 4.8 kB | 245 kB
Progress (2): 4.8 kB | 249 kB
Progress (2): 4.8 kB | 253 kB
Progress (2): 4.8 kB | 257 kB
Progress (2): 4.8 kB | 261 kB
Progress (2): 4.8 kB | 265 kB
Progress (2): 4.8 kB | 270 kB
Progress (2): 4.8 kB | 274 kB
Progress (2): 4.8 kB | 278 kB
Progress (2): 4.8 kB | 282 kB
Progress (2): 4.8 kB | 286 kB
Progress (2): 4.8 kB | 290 kB
Progress (2): 4.8 kB | 294 kB
Progress (2): 4.8 kB | 298 kB
Progress (2): 4.8 kB | 302 kB
Progress (2): 4.8 kB | 306 kB
Progress (2): 4.8 kB | 310 kB
Progress (2): 4.8 kB | 315 kB
Progress (2): 4.8 kB | 319 kB
Progress (2): 4.8 kB | 323 kB
Progress (2): 4.8 kB | 327 kB
Progress (2): 4.8 kB | 331 kB
Progress (2): 4.8 kB | 335 kB
Progress (2): 4.8 kB | 339 kB
Progress (2): 4.8 kB | 343 kB
Progress (2): 4.8 kB | 347 kB
Progress (2): 4.8 kB | 351 kB
Progress (2): 4.8 kB | 355 kB
Progress (2): 4.8 kB | 360 kB
Progress (2): 4.8 kB | 364 kB
Progress (2): 4.8 kB | 368 kB
Progress (2): 4.8 kB | 372 kB
Progress (2): 4.8 kB | 376 kB
Progress (2): 4.8 kB | 380 kB
Progress (2): 4.8 kB | 384 kB
Progress (2): 4.8 kB | 388 kB
Progress (2): 4.8 kB | 392 kB
Progress (2): 4.8 kB | 396 kB
Progress (2): 4.8 kB | 401 kB
Progress (2): 4.8 kB | 405 kB
Progress (2): 4.8 kB | 409 kB
Progress (2): 4.8 kB | 413 kB
Progress (2): 4.8 kB | 417 kB
Progress (2): 4.8 kB | 421 kB
Progress (2): 4.8 kB | 425 kB
Progress (2): 4.8 kB | 429 kB
Progress (2): 4.8 kB | 433 kB
Progress (2): 4.8 kB | 437 kB
Progress (2): 4.8 kB | 441 kB
Progress (2): 4.8 kB | 446 kB
Progress (2): 4.8 kB | 450 kB
Progress (2): 4.8 kB | 454 kB
Progress (2): 4.8 kB | 458 kB
Progress (2): 4.8 kB | 462 kB
Progress (2): 4.8 kB | 466 kB
Progress (2): 4.8 kB | 470 kB
Progress (2): 4.8 kB | 474 kB
Progress (2): 4.8 kB | 478 kB
Progress (2): 4.8 kB | 482 kB
Progress (2): 4.8 kB | 487 kB
Progress (2): 4.8 kB | 491 kB
Progress (2): 4.8 kB | 495 kB
Progress (2): 4.8 kB | 499 kB
Progress (2): 4.8 kB | 503 kB
Progress (2): 4.8 kB | 507 kB
Progress (2): 4.8 kB | 511 kB
Progress (2): 4.8 kB | 515 kB
Progress (2): 4.8 kB | 519 kB
Progress (2): 4.8 kB | 523 kB
Progress (2): 4.8 kB | 527 kB
Progress (2): 4.8 kB | 532 kB
Progress (2): 4.8 kB | 536 kB
Progress (2): 4.8 kB | 540 kB
Progress (2): 4.8 kB | 544 kB
Progress (2): 4.8 kB | 548 kB
Progress (2): 4.8 kB | 552 kB
Progress (2): 4.8 kB | 556 kB
Progress (2): 4.8 kB | 560 kB
Progress (2): 4.8 kB | 564 kB
Progress (2): 4.8 kB | 568 kB
Progress (2): 4.8 kB | 572 kB
Progress (2): 4.8 kB | 577 kB
Progress (2): 4.8 kB | 581 kB
Progress (2): 4.8 kB | 585 kB
Progress (2): 4.8 kB | 589 kB
Progress (2): 4.8 kB | 593 kB
Progress (2): 4.8 kB | 597 kB
Progress (2): 4.8 kB | 601 kB
Progress (2): 4.8 kB | 605 kB
Progress (2): 4.8 kB | 609 kB
Progress (2): 4.8 kB | 613 kB
Progress (2): 4.8 kB | 618 kB
Progress (2): 4.8 kB | 622 kB
Progress (2): 4.8 kB | 626 kB
Progress (2): 4.8 kB | 630 kB
Progress (2): 4.8 kB | 634 kB
Progress (2): 4.8 kB | 638 kB
Progress (2): 4.8 kB | 642 kB
Progress (2): 4.8 kB | 646 kB
Progress (2): 4.8 kB | 650 kB
Progress (2): 4.8 kB | 654 kB
Progress (2): 4.8 kB | 658 kB
Progress (2): 4.8 kB | 663 kB
Progress (2): 4.8 kB | 667 kB
Progress (2): 4.8 kB | 671 kB
Progress (2): 4.8 kB | 675 kB
Progress (2): 4.8 kB | 679 kB
Progress (2): 4.8 kB | 683 kB
Progress (2): 4.8 kB | 687 kB
Progress (2): 4.8 kB | 691 kB
Progress (2): 4.8 kB | 695 kB
Progress (2): 4.8 kB | 699 kB
Progress (2): 4.8 kB | 704 kB
Progress (2): 4.8 kB | 708 kB
Progress (2): 4.8 kB | 712 kB
Progress (2): 4.8 kB | 716 kB
Progress (2): 4.8 kB | 720 kB
Progress (2): 4.8 kB | 724 kB
Progress (2): 4.8 kB | 728 kB
Progress (2): 4.8 kB | 732 kB
Progress (2): 4.8 kB | 736 kB
Progress (2): 4.8 kB | 740 kB
Progress (2): 4.8 kB | 744 kB
Progress (2): 4.8 kB | 749 kB
Progress (2): 4.8 kB | 753 kB
Progress (2): 4.8 kB | 757 kB
Progress (2): 4.8 kB | 761 kB
Progress (2): 4.8 kB | 765 kB
Progress (2): 4.8 kB | 769 kB
Progress (2): 4.8 kB | 773 kB
Progress (2): 4.8 kB | 777 kB
Progress (2): 4.8 kB | 781 kB
Progress (2): 4.8 kB | 785 kB
Progress (2): 4.8 kB | 790 kB
Progress (2): 4.8 kB | 794 kB
Progress (2): 4.8 kB | 798 kB
Progress (2): 4.8 kB | 802 kB
Progress (2): 4.8 kB | 806 kB
Progress (2): 4.8 kB | 810 kB
Progress (2): 4.8 kB | 814 kB
Progress (2): 4.8 kB | 818 kB
Progress (2): 4.8 kB | 822 kB
Progress (2): 4.8 kB | 826 kB
Progress (2): 4.8 kB | 830 kB
Progress (2): 4.8 kB | 835 kB
Progress (2): 4.8 kB | 839 kB
Progress (2): 4.8 kB | 843 kB
Progress (2): 4.8 kB | 847 kB
Progress (2): 4.8 kB | 851 kB
Progress (2): 4.8 kB | 855 kB
Progress (2): 4.8 kB | 859 kB
Progress (2): 4.8 kB | 863 kB
Progress (2): 4.8 kB | 867 kB
Progress (2): 4.8 kB | 871 kB
Progress (2): 4.8 kB | 876 kB
Progress (2): 4.8 kB | 880 kB
Progress (2): 4.8 kB | 884 kB
Progress (2): 4.8 kB | 888 kB
Progress (2): 4.8 kB | 892 kB
Progress (2): 4.8 kB | 896 kB
Progress (2): 4.8 kB | 900 kB
Progress (2): 4.8 kB | 904 kB
Progress (2): 4.8 kB | 908 kB
Progress (2): 4.8 kB | 912 kB
Progress (2): 4.8 kB | 917 kB
Progress (2): 4.8 kB | 921 kB
Progress (2): 4.8 kB | 925 kB
Progress (2): 4.8 kB | 929 kB
Progress (2): 4.8 kB | 933 kB
Progress (2): 4.8 kB | 937 kB
Progress (2): 4.8 kB | 941 kB
Progress (2): 4.8 kB | 945 kB
Progress (2): 4.8 kB | 949 kB
Progress (2): 4.8 kB | 953 kB
Progress (2): 4.8 kB | 957 kB
Progress (2): 4.8 kB | 962 kB
Progress (2): 4.8 kB | 966 kB
Progress (2): 4.8 kB | 970 kB
Progress (2): 4.8 kB | 974 kB
Progress (2): 4.8 kB | 978 kB
Progress (2): 4.8 kB | 982 kB
Progress (2): 4.8 kB | 986 kB
Progress (2): 4.8 kB | 990 kB
Progress (2): 4.8 kB | 994 kB
Progress (2): 4.8 kB | 998 kB
Progress (2): 4.8 kB | 1.0 MB
Progress (2): 4.8 kB | 1.0 MB
Progress (2): 4.8 kB | 1.0 MB
Progress (2): 4.8 kB | 1.0 MB
Progress (2): 4.8 kB | 1.0 MB
Progress (2): 4.8 kB | 1.0 MB
Progress (2): 4.8 kB | 1.0 MB
Progress (2): 4.8 kB | 1.0 MB
Progress (2): 4.8 kB | 1.0 MB
Progress (2): 4.8 kB | 1.0 MB
Progress (2): 4.8 kB | 1.0 MB
Progress (2): 4.8 kB | 1.0 MB
Progress (2): 4.8 kB | 1.1 MB
Progress (2): 4.8 kB | 1.1 MB
Progress (2): 4.8 kB | 1.1 MB
Progress (2): 4.8 kB | 1.1 MB
Progress (2): 4.8 kB | 1.1 MB
Progress (2): 4.8 kB | 1.1 MB
Progress (2): 4.8 kB | 1.1 MB
Progress (2): 4.8 kB | 1.1 MB
Progress (2): 4.8 kB | 1.1 MB
Progress (2): 4.8 kB | 1.1 MB
Progress (2): 4.8 kB | 1.1 MB
Progress (2): 4.8 kB | 1.1 MB
Progress (2): 4.8 kB | 1.1 MB
Progress (2): 4.8 kB | 1.1 MB
Progress (2): 4.8 kB | 1.1 MB
Progress (2): 4.8 kB | 1.1 MB
Progress (2): 4.8 kB | 1.1 MB
Progress (2): 4.8 kB | 1.1 MB
Progress (2): 4.8 kB | 1.1 MB
Progress (2): 4.8 kB | 1.1 MB
Progress (2): 4.8 kB | 1.1 MB
Progress (2): 4.8 kB | 1.1 MB
Progress (2): 4.8 kB | 1.1 MB
Progress (2): 4.8 kB | 1.1 MB
Progress (2): 4.8 kB | 1.1 MB
Progress (2): 4.8 kB | 1.2 MB
Progress (2): 4.8 kB | 1.2 MB
Progress (2): 4.8 kB | 1.2 MB
Progress (2): 4.8 kB | 1.2 MB
Progress (2): 4.8 kB | 1.2 MB
Progress (2): 4.8 kB | 1.2 MB
Progress (2): 4.8 kB | 1.2 MB
Progress (2): 4.8 kB | 1.2 MB
Progress (2): 4.8 kB | 1.2 MB
Progress (2): 4.8 kB | 1.2 MB
Progress (2): 4.8 kB | 1.2 MB
Progress (2): 4.8 kB | 1.2 MB
Progress (2): 4.8 kB | 1.2 MB
Progress (2): 4.8 kB | 1.2 MB
Progress (2): 4.8 kB | 1.2 MB
Progress (2): 4.8 kB | 1.2 MB
Progress (2): 4.8 kB | 1.2 MB
Progress (2): 4.8 kB | 1.2 MB
Progress (2): 4.8 kB | 1.2 MB
Progress (2): 4.8 kB | 1.2 MB
Progress (2): 4.8 kB | 1.2 MB
Progress (2): 4.8 kB | 1.2 MB
Progress (2): 4.8 kB | 1.2 MB
Progress (2): 4.8 kB | 1.2 MB
Progress (2): 4.8 kB | 1.2 MB
                             
Downloaded from aiban-tianyin-core: https://aiban-maven.pkg.coding.net/repository/tianyin/core/org/springframework/boot/spring-boot-starter-tomcat/4.0.1/spring-boot-starter-tomcat-4.0.1.jar (4.8 kB at 6.6 kB/s)
Downloading from aiban-tianyin-core: https://aiban-maven.pkg.coding.net/repository/tianyin/core/org/springframework/boot/spring-boot-starter-tomcat-runtime/4.0.1/spring-boot-starter-tomcat-runtime-4.0.1.jar
Progress (1): 1.3 MB
Progress (1): 1.3 MB
Progress (1): 1.3 MB
Progress (1): 1.3 MB
Progress (1): 1.3 MB
Progress (1): 1.3 MB
Progress (1): 1.3 MB
Progress (1): 1.3 MB
Progress (1): 1.3 MB
Progress (1): 1.3 MB
Progress (1): 1.3 MB
Progress (1): 1.3 MB
Progress (1): 1.3 MB
Progress (1): 1.3 MB
Progress (1): 1.3 MB
Progress (1): 1.3 MB
Progress (1): 1.3 MB
Progress (1): 1.3 MB
Progress (1): 1.3 MB
Progress (1): 1.3 MB
Progress (1): 1.3 MB
Progress (1): 1.3 MB
Progress (1): 1.3 MB
Progress (1): 1.3 MB
Progress (1): 1.3 MB
Progress (1): 1.3 MB
Progress (1): 1.3 MB
Progress (1): 1.4 MB
Progress (1): 1.4 MB
Progress (1): 1.4 MB
Progress (1): 1.4 MB
Progress (1): 1.4 MB
Progress (1): 1.4 MB
Progress (1): 1.4 MB
Progress (1): 1.4 MB
Progress (1): 1.4 MB
Progress (1): 1.4 MB
Progress (1): 1.4 MB
Progress (1): 1.4 MB
Progress (1): 1.4 MB
Progress (1): 1.4 MB
Progress (1): 1.4 MB
Progress (1): 1.4 MB
Progress (1): 1.4 MB
Progress (1): 1.4 MB
Progress (1): 1.4 MB
Progress (1): 1.4 MB
Progress (1): 1.4 MB
Progress (1): 1.4 MB
Progress (1): 1.4 MB
Progress (1): 1.4 MB
Progress (1): 1.4 MB
Progress (1): 1.5 MB
Progress (1): 1.5 MB
Progress (1): 1.5 MB
Progress (1): 1.5 MB
Progress (1): 1.5 MB
Progress (1): 1.5 MB
Progress (1): 1.5 MB
Progress (1): 1.5 MB
Progress (1): 1.5 MB
Progress (1): 1.5 MB
Progress (1): 1.5 MB
Progress (1): 1.5 MB
Progress (1): 1.5 MB
Progress (1): 1.5 MB
Progress (1): 1.5 MB
Progress (1): 1.5 MB
Progress (1): 1.5 MB
Progress (1): 1.5 MB
Progress (1): 1.5 MB
Progress (1): 1.5 MB
Progress (1): 1.5 MB
Progress (1): 1.5 MB
Progress (1): 1.5 MB
Progress (1): 1.5 MB
Progress (1): 1.5 MB
Progress (1): 1.5 MB
Progress (1): 1.6 MB
Progress (2): 1.6 MB | 2.6 kB
Progress (2): 1.6 MB | 2.6 kB
Progress (2): 1.6 MB | 2.6 kB
Progress (2): 1.6 MB | 5.4 kB
Progress (2): 1.6 MB | 5.4 kB
Progress (2): 1.6 MB | 9.5 kB
Progress (2): 1.6 MB | 9.5 kB
Progress (2): 1.6 MB | 9.5 kB
Progress (2): 1.6 MB | 9.5 kB
Progress (2): 1.6 MB | 9.5 kB
Progress (2): 1.6 MB | 9.5 kB
Progress (2): 1.6 MB | 9.5 kB
Progress (2): 1.6 MB | 9.5 kB
Progress (2): 1.6 MB | 9.5 kB
Progress (2): 1.6 MB | 9.5 kB
Progress (2): 1.6 MB | 9.5 kB
Progress (2): 1.6 MB | 9.5 kB
Progress (2): 1.6 MB | 9.5 kB
Progress (2): 1.6 MB | 9.5 kB
Progress (2): 1.6 MB | 9.5 kB
Progress (2): 1.6 MB | 9.5 kB
Progress (2): 1.6 MB | 9.5 kB
Progress (2): 1.6 MB | 9.5 kB
Progress (2): 1.6 MB | 9.5 kB
Progress (2): 1.6 MB | 9.5 kB
Progress (2): 1.6 MB | 9.5 kB
Progress (2): 1.7 MB | 9.5 kB
Progress (2): 1.7 MB | 9.5 kB
Progress (2): 1.7 MB | 9.5 kB
Progress (2): 1.7 MB | 9.5 kB
Progress (2): 1.7 MB | 9.5 kB
Progress (2): 1.7 MB | 9.5 kB
Progress (2): 1.7 MB | 9.5 kB
Progress (2): 1.7 MB | 9.5 kB
Progress (2): 1.7 MB | 9.5 kB
Progress (2): 1.7 MB | 9.5 kB
Progress (2): 1.7 MB | 9.5 kB
Progress (2): 1.7 MB | 9.5 kB
Progress (2): 1.7 MB | 9.5 kB
Progress (2): 1.7 MB | 9.5 kB
Progress (2): 1.7 MB | 9.5 kB
Progress (2): 1.7 MB | 9.5 kB
Progress (2): 1.7 MB | 9.5 kB
Progress (2): 1.7 MB | 9.5 kB
Progress (2): 1.7 MB | 9.5 kB
Progress (2): 1.7 MB | 9.5 kB
Progress (2): 1.7 MB | 9.5 kB
Progress (2): 1.7 MB | 9.5 kB
Progress (2): 1.7 MB | 9.5 kB
Progress (2): 1.7 MB | 9.5 kB
Progress (2): 1.7 MB | 9.5 kB
Progress (2): 1.8 MB | 9.5 kB
Progress (2): 1.8 MB | 9.5 kB
Progress (2): 1.8 MB | 9.5 kB
Progress (2): 1.8 MB | 9.5 kB
Progress (2): 1.8 MB | 9.5 kB
Progress (2): 1.8 MB | 9.5 kB
Progress (2): 1.8 MB | 9.5 kB
Progress (2): 1.8 MB | 9.5 kB
Progress (2): 1.8 MB | 9.5 kB
Progress (2): 1.8 MB | 9.5 kB
Progress (2): 1.8 MB | 9.5 kB
Progress (2): 1.8 MB | 9.5 kB
Progress (2): 1.8 MB | 9.5 kB
Progress (2): 1.8 MB | 9.5 kB
Progress (2): 1.8 MB | 9.5 kB
Progress (2): 1.8 MB | 9.5 kB
Progress (2): 1.8 MB | 9.5 kB
Progress (2): 1.8 MB | 9.5 kB
Progress (2): 1.8 MB | 9.5 kB
Progress (2): 1.8 MB | 9.5 kB
Progress (2): 1.8 MB | 9.5 kB
Progress (2): 1.8 MB | 9.5 kB
Progress (2): 1.8 MB | 9.5 kB
Progress (2): 1.8 MB | 9.5 kB
Progress (2): 1.8 MB | 9.5 kB
Progress (2): 1.9 MB | 9.5 kB
Progress (2): 1.9 MB | 9.5 kB
Progress (2): 1.9 MB | 9.5 kB
Progress (2): 1.9 MB | 9.5 kB
Progress (2): 1.9 MB | 9.5 kB
Progress (2): 1.9 MB | 9.5 kB
Progress (2): 1.9 MB | 9.5 kB
Progress (2): 1.9 MB | 9.5 kB
Progress (2): 1.9 MB | 9.5 kB
Progress (2): 1.9 MB | 9.5 kB
Progress (2): 1.9 MB | 9.5 kB
Progress (2): 1.9 MB | 9.5 kB
Progress (2): 1.9 MB | 9.5 kB
Progress (2): 1.9 MB | 9.5 kB
Progress (2): 1.9 MB | 9.5 kB
Progress (2): 1.9 MB | 9.5 kB
Progress (2): 1.9 MB | 9.5 kB
Progress (2): 1.9 MB | 9.5 kB
Progress (2): 1.9 MB | 9.5 kB
Progress (2): 1.9 MB | 9.5 kB
Progress (2): 1.9 MB | 9.5 kB
Progress (2): 1.9 MB | 9.5 kB
Progress (2): 1.9 MB | 9.5 kB
Progress (2): 1.9 MB | 9.5 kB
Progress (2): 1.9 MB | 9.5 kB
Progress (2): 1.9 MB | 9.5 kB
Progress (2): 2.0 MB | 9.5 kB
Progress (2): 2.0 MB | 9.5 kB
Progress (2): 2.0 MB | 9.5 kB
Progress (2): 2.0 MB | 9.5 kB
Progress (2): 2.0 MB | 9.5 kB
Progress (2): 2.0 MB | 9.5 kB
Progress (2): 2.0 MB | 9.5 kB
Progress (2): 2.0 MB | 9.5 kB
Progress (2): 2.0 MB | 9.5 kB
Progress (2): 2.0 MB | 9.5 kB
Progress (2): 2.0 MB | 14 kB 
Progress (2): 2.0 MB | 14 kB
Progress (2): 2.0 MB | 17 kB
Progress (2): 2.0 MB | 17 kB
Progress (2): 2.0 MB | 19 kB
Progress (2): 2.0 MB | 19 kB
Progress (2): 2.0 MB | 23 kB
Progress (2): 2.0 MB | 23 kB
Progress (2): 2.0 MB | 28 kB
Progress (2): 2.0 MB | 28 kB
Progress (2): 2.0 MB | 28 kB
Progress (2): 2.0 MB | 32 kB
Progress (2): 2.0 MB | 32 kB
Progress (2): 2.0 MB | 32 kB
Progress (2): 2.0 MB | 32 kB
Progress (2): 2.0 MB | 32 kB
Progress (2): 2.0 MB | 32 kB
Progress (2): 2.0 MB | 32 kB
Progress (2): 2.0 MB | 32 kB
Progress (2): 2.0 MB | 32 kB
Progress (2): 2.0 MB | 32 kB
Progress (2): 2.1 MB | 32 kB
Progress (2): 2.1 MB | 32 kB
Progress (2): 2.1 MB | 32 kB
Progress (2): 2.1 MB | 32 kB
Progress (2): 2.1 MB | 32 kB
Progress (2): 2.1 MB | 32 kB
Progress (2): 2.1 MB | 32 kB
Progress (2): 2.1 MB | 32 kB
Progress (2): 2.1 MB | 32 kB
Progress (2): 2.1 MB | 32 kB
Progress (2): 2.1 MB | 32 kB
Progress (2): 2.1 MB | 32 kB
Progress (2): 2.1 MB | 32 kB
Progress (2): 2.1 MB | 32 kB
Progress (2): 2.1 MB | 32 kB
Progress (2): 2.1 MB | 32 kB
Progress (2): 2.1 MB | 32 kB
Progress (2): 2.1 MB | 32 kB
Progress (2): 2.1 MB | 32 kB
Progress (2): 2.1 MB | 32 kB
Progress (2): 2.1 MB | 32 kB
Progress (2): 2.1 MB | 32 kB
Progress (2): 2.1 MB | 32 kB
Progress (2): 2.1 MB | 32 kB
Progress (2): 2.2 MB | 32 kB
Progress (2): 2.2 MB | 32 kB
Progress (2): 2.2 MB | 32 kB
Progress (2): 2.2 MB | 32 kB
Progress (2): 2.2 MB | 32 kB
Progress (2): 2.2 MB | 32 kB
Progress (2): 2.2 MB | 32 kB
Progress (2): 2.2 MB | 32 kB
Progress (2): 2.2 MB | 32 kB
Progress (2): 2.2 MB | 32 kB
Progress (2): 2.2 MB | 32 kB
Progress (2): 2.2 MB | 32 kB
Progress (2): 2.2 MB | 32 kB
Progress (2): 2.2 MB | 32 kB
Progress (2): 2.2 MB | 32 kB
Progress (2): 2.2 MB | 32 kB
Progress (2): 2.2 MB | 32 kB
Progress (2): 2.2 MB | 32 kB
Progress (2): 2.2 MB | 32 kB
Progress (2): 2.2 MB | 32 kB
Progress (2): 2.2 MB | 32 kB
Progress (2): 2.2 MB | 32 kB
Progress (2): 2.2 MB | 32 kB
Progress (2): 2.2 MB | 32 kB
Progress (2): 2.2 MB | 32 kB
Progress (2): 2.2 MB | 32 kB
Progress (2): 2.3 MB | 32 kB
Progress (2): 2.3 MB | 32 kB
Progress (2): 2.3 MB | 32 kB
Progress (2): 2.3 MB | 32 kB
Progress (2): 2.3 MB | 32 kB
Progress (2): 2.3 MB | 32 kB
Progress (2): 2.3 MB | 32 kB
Progress (2): 2.3 MB | 32 kB
Progress (2): 2.3 MB | 32 kB
Progress (2): 2.3 MB | 32 kB
Progress (2): 2.3 MB | 32 kB
Progress (2): 2.3 MB | 32 kB
Progress (2): 2.3 MB | 32 kB
Progress (2): 2.3 MB | 32 kB
Progress (2): 2.3 MB | 32 kB
Progress (2): 2.3 MB | 32 kB
Progress (2): 2.3 MB | 32 kB
Progress (2): 2.3 MB | 32 kB
Progress (2): 2.3 MB | 32 kB
Progress (2): 2.3 MB | 32 kB
Progress (2): 2.3 MB | 32 kB
Progress (2): 2.3 MB | 32 kB
Progress (2): 2.3 MB | 32 kB
Progress (2): 2.3 MB | 32 kB
Progress (2): 2.4 MB | 32 kB
Progress (2): 2.4 MB | 32 kB
Progress (2): 2.4 MB | 32 kB
Progress (2): 2.4 MB | 32 kB
Progress (2): 2.4 MB | 32 kB
Progress (2): 2.4 MB | 32 kB
Progress (2): 2.4 MB | 32 kB
Progress (2): 2.4 MB | 32 kB
Progress (2): 2.4 MB | 32 kB
Progress (2): 2.4 MB | 32 kB
Progress (2): 2.4 MB | 32 kB
Progress (2): 2.4 MB | 32 kB
Progress (2): 2.4 MB | 32 kB
Progress (2): 2.4 MB | 32 kB
Progress (2): 2.4 MB | 32 kB
Progress (2): 2.4 MB | 32 kB
Progress (2): 2.4 MB | 32 kB
Progress (2): 2.4 MB | 32 kB
Progress (2): 2.4 MB | 32 kB
Progress (2): 2.4 MB | 32 kB
Progress (2): 2.4 MB | 36 kB
Progress (2): 2.4 MB | 36 kB
Progress (2): 2.4 MB | 36 kB
Progress (2): 2.4 MB | 40 kB
Progress (2): 2.4 MB | 40 kB
Progress (2): 2.4 MB | 42 kB
Progress (2): 2.4 MB | 42 kB
Progress (2): 2.4 MB | 46 kB
Progress (2): 2.4 MB | 46 kB
Progress (2): 2.4 MB | 49 kB
Progress (2): 2.4 MB | 53 kB
Progress (2): 2.5 MB | 53 kB
Progress (2): 2.5 MB | 53 kB
Progress (2): 2.5 MB | 53 kB
Progress (2): 2.5 MB | 53 kB
Progress (2): 2.5 MB | 53 kB
Progress (2): 2.5 MB | 53 kB
Progress (2): 2.5 MB | 53 kB
Progress (2): 2.5 MB | 56 kB
Progress (2): 2.5 MB | 56 kB
Progress (2): 2.5 MB | 60 kB
Progress (2): 2.5 MB | 60 kB
Progress (2): 2.5 MB | 60 kB
Progress (2): 2.5 MB | 60 kB
Progress (2): 2.5 MB | 60 kB
Progress (2): 2.5 MB | 60 kB
Progress (2): 2.5 MB | 60 kB
Progress (2): 2.5 MB | 60 kB
Progress (2): 2.5 MB | 60 kB
Progress (2): 2.5 MB | 60 kB
Progress (2): 2.5 MB | 60 kB
Progress (2): 2.5 MB | 60 kB
Progress (2): 2.5 MB | 60 kB
Progress (2): 2.5 MB | 60 kB
Progress (2): 2.5 MB | 60 kB
Progress (2): 2.5 MB | 60 kB
Progress (2): 2.5 MB | 60 kB
Progress (2): 2.5 MB | 60 kB
Progress (2): 2.6 MB | 60 kB
Progress (2): 2.6 MB | 65 kB
Progress (2): 2.6 MB | 65 kB
Progress (2): 2.6 MB | 69 kB
Progress (2): 2.6 MB | 69 kB
Progress (2): 2.6 MB | 72 kB
Progress (2): 2.6 MB | 72 kB
Progress (2): 2.6 MB | 75 kB
Progress (2): 2.6 MB | 77 kB
Progress (2): 2.6 MB | 80 kB
Progress (2): 2.6 MB | 84 kB
Progress (2): 2.6 MB | 87 kB
Progress (2): 2.6 MB | 91 kB
Progress (2): 2.6 MB | 95 kB
Progress (2): 2.6 MB | 99 kB
Progress (2): 2.6 MB | 103 kB
Progress (2): 2.6 MB | 107 kB
Progress (2): 2.6 MB | 111 kB
Progress (2): 2.6 MB | 115 kB
Progress (2): 2.6 MB | 120 kB
Progress (2): 2.6 MB | 124 kB
Progress (2): 2.6 MB | 128 kB
Progress (2): 2.6 MB | 132 kB
Progress (2): 2.6 MB | 136 kB
Progress (2): 2.6 MB | 140 kB
Progress (2): 2.6 MB | 144 kB
Progress (2): 2.6 MB | 148 kB
Progress (2): 2.6 MB | 152 kB
Progress (2): 2.6 MB | 156 kB
Progress (2): 2.6 MB | 161 kB
Progress (2): 2.6 MB | 165 kB
Progress (2): 2.6 MB | 169 kB
Progress (2): 2.6 MB | 173 kB
Progress (2): 2.6 MB | 177 kB
Progress (2): 2.6 MB | 181 kB
Progress (2): 2.6 MB | 185 kB
Progress (2): 2.6 MB | 189 kB
Progress (2): 2.6 MB | 193 kB
Progress (2): 2.6 MB | 197 kB
Progress (2): 2.6 MB | 202 kB
Progress (2): 2.6 MB | 206 kB
Progress (2): 2.6 MB | 210 kB
Progress (2): 2.6 MB | 214 kB
Progress (2): 2.6 MB | 218 kB
Progress (2): 2.6 MB | 222 kB
Progress (2): 2.6 MB | 226 kB
Progress (2): 2.6 MB | 230 kB
Progress (2): 2.6 MB | 234 kB
Progress (2): 2.6 MB | 238 kB
Progress (2): 2.6 MB | 242 kB
Progress (2): 2.6 MB | 247 kB
Progress (2): 2.6 MB | 251 kB
Progress (2): 2.6 MB | 255 kB
Progress (2): 2.6 MB | 259 kB
Progress (2): 2.6 MB | 263 kB
Progress (2): 2.6 MB | 267 kB
Progress (2): 2.6 MB | 271 kB
Progress (2): 2.6 MB | 275 kB
Progress (3): 2.6 MB | 275 kB | 3.9 kB
Progress (3): 2.6 MB | 275 kB | 4.7 kB
Progress (3): 2.6 MB | 279 kB | 4.7 kB
Progress (3): 2.6 MB | 283 kB | 4.7 kB
Progress (3): 2.6 MB | 288 kB | 4.7 kB
                                      
Downloaded from aiban-tianyin-core: https://aiban-maven.pkg.coding.net/repository/tianyin/core/org/redisson/redisson/3.36.0/redisson-3.36.0.jar (2.6 MB at 2.6 MB/s)
Downloading from aiban-tianyin-core: https://aiban-maven.pkg.coding.net/repository/tianyin/core/org/springframework/boot/spring-boot-web-server/4.0.1/spring-boot-web-server-4.0.1.jar
Progress (2): 292 kB | 4.7 kB
Progress (2): 296 kB | 4.7 kB
Progress (2): 300 kB | 4.7 kB
Progress (2): 304 kB | 4.7 kB
Progress (2): 308 kB | 4.7 kB
Progress (2): 312 kB | 4.7 kB
Progress (2): 316 kB | 4.7 kB
Progress (2): 320 kB | 4.7 kB
Progress (2): 324 kB | 4.7 kB
Progress (2): 328 kB | 4.7 kB
Progress (2): 333 kB | 4.7 kB
Progress (2): 337 kB | 4.7 kB
Progress (2): 341 kB | 4.7 kB
Progress (2): 345 kB | 4.7 kB
Progress (2): 349 kB | 4.7 kB
Progress (2): 353 kB | 4.7 kB
Progress (2): 357 kB | 4.7 kB
Progress (2): 361 kB | 4.7 kB
Progress (2): 365 kB | 4.7 kB
Progress (2): 369 kB | 4.7 kB
Progress (2): 374 kB | 4.7 kB
Progress (2): 378 kB | 4.7 kB
Progress (2): 382 kB | 4.7 kB
Progress (2): 386 kB | 4.7 kB
Progress (2): 390 kB | 4.7 kB
Progress (2): 394 kB | 4.7 kB
Progress (3): 394 kB | 4.7 kB | 4.1 kB
Progress (3): 394 kB | 4.7 kB | 8.2 kB
Progress (3): 398 kB | 4.7 kB | 8.2 kB
Progress (3): 402 kB | 4.7 kB | 8.2 kB
Progress (3): 406 kB | 4.7 kB | 8.2 kB
Progress (3): 410 kB | 4.7 kB | 8.2 kB
Progress (3): 414 kB | 4.7 kB | 8.2 kB
Progress (3): 419 kB | 4.7 kB | 8.2 kB
Progress (3): 419 kB | 4.7 kB | 11 kB 
Progress (3): 419 kB | 4.7 kB | 15 kB
Progress (3): 419 kB | 4.7 kB | 19 kB
Progress (3): 419 kB | 4.7 kB | 22 kB
Progress (3): 419 kB | 4.7 kB | 26 kB
Progress (3): 419 kB | 4.7 kB | 30 kB
Progress (3): 419 kB | 4.7 kB | 34 kB
Progress (3): 423 kB | 4.7 kB | 34 kB
Progress (3): 427 kB | 4.7 kB | 34 kB
Progress (3): 431 kB | 4.7 kB | 34 kB
Progress (3): 435 kB | 4.7 kB | 34 kB
Progress (3): 439 kB | 4.7 kB | 34 kB
Progress (3): 443 kB | 4.7 kB | 34 kB
Progress (3): 447 kB | 4.7 kB | 34 kB
Progress (3): 451 kB | 4.7 kB | 34 kB
Progress (3): 455 kB | 4.7 kB | 34 kB
Progress (3): 460 kB | 4.7 kB | 34 kB
Progress (3): 460 kB | 4.7 kB | 38 kB
Progress (3): 460 kB | 4.7 kB | 41 kB
Progress (3): 460 kB | 4.7 kB | 43 kB
Progress (3): 460 kB | 4.7 kB | 46 kB
Progress (3): 460 kB | 4.7 kB | 50 kB
Progress (3): 460 kB | 4.7 kB | 54 kB
Progress (3): 460 kB | 4.7 kB | 58 kB
Progress (3): 460 kB | 4.7 kB | 62 kB
Progress (3): 460 kB | 4.7 kB | 66 kB
Progress (3): 460 kB | 4.7 kB | 70 kB
Progress (3): 460 kB | 4.7 kB | 74 kB
Progress (3): 460 kB | 4.7 kB | 79 kB
Progress (3): 460 kB | 4.7 kB | 83 kB
Progress (3): 460 kB | 4.7 kB | 87 kB
Progress (3): 460 kB | 4.7 kB | 91 kB
Progress (3): 464 kB | 4.7 kB | 91 kB
Progress (3): 468 kB | 4.7 kB | 91 kB
Progress (3): 472 kB | 4.7 kB | 91 kB
Progress (3): 476 kB | 4.7 kB | 91 kB
Progress (3): 480 kB | 4.7 kB | 91 kB
Progress (3): 484 kB | 4.7 kB | 91 kB
Progress (3): 484 kB | 4.7 kB | 95 kB
Progress (3): 484 kB | 4.7 kB | 99 kB
Progress (3): 484 kB | 4.7 kB | 103 kB
Progress (3): 484 kB | 4.7 kB | 107 kB
Progress (3): 484 kB | 4.7 kB | 111 kB
Progress (3): 484 kB | 4.7 kB | 115 kB
Progress (3): 484 kB | 4.7 kB | 120 kB
Progress (3): 484 kB | 4.7 kB | 124 kB
Progress (3): 484 kB | 4.7 kB | 128 kB
Progress (3): 484 kB | 4.7 kB | 132 kB
Progress (3): 484 kB | 4.7 kB | 136 kB
Progress (3): 484 kB | 4.7 kB | 140 kB
Progress (3): 484 kB | 4.7 kB | 144 kB
Progress (3): 484 kB | 4.7 kB | 148 kB
Progress (3): 484 kB | 4.7 kB | 152 kB
Progress (3): 484 kB | 4.7 kB | 156 kB
Progress (3): 484 kB | 4.7 kB | 160 kB
Progress (3): 488 kB | 4.7 kB | 160 kB
Progress (3): 488 kB | 4.7 kB | 165 kB
Progress (3): 492 kB | 4.7 kB | 165 kB
Progress (3): 492 kB | 4.7 kB | 169 kB
Progress (3): 496 kB | 4.7 kB | 169 kB
Progress (3): 496 kB | 4.7 kB | 173 kB
Progress (3): 501 kB | 4.7 kB | 173 kB
Progress (3): 501 kB | 4.7 kB | 177 kB
Progress (3): 505 kB | 4.7 kB | 177 kB
Progress (3): 505 kB | 4.7 kB | 181 kB
Progress (3): 505 kB | 4.7 kB | 185 kB
Progress (3): 509 kB | 4.7 kB | 185 kB
Progress (3): 509 kB | 4.7 kB | 189 kB
Progress (3): 509 kB | 4.7 kB | 193 kB
Progress (3): 509 kB | 4.7 kB | 197 kB
Progress (3): 513 kB | 4.7 kB | 197 kB
Progress (3): 517 kB | 4.7 kB | 197 kB
Progress (3): 521 kB | 4.7 kB | 197 kB
Progress (3): 525 kB | 4.7 kB | 197 kB
Progress (3): 529 kB | 4.7 kB | 197 kB
Progress (3): 529 kB | 4.7 kB | 201 kB
Progress (3): 533 kB | 4.7 kB | 201 kB
Progress (3): 533 kB | 4.7 kB | 206 kB
Progress (3): 533 kB | 4.7 kB | 210 kB
Progress (3): 533 kB | 4.7 kB | 214 kB
Progress (3): 533 kB | 4.7 kB | 218 kB
Progress (3): 533 kB | 4.7 kB | 222 kB
Progress (3): 533 kB | 4.7 kB | 226 kB
Progress (3): 533 kB | 4.7 kB | 230 kB
Progress (3): 533 kB | 4.7 kB | 234 kB
Progress (3): 533 kB | 4.7 kB | 238 kB
Progress (3): 533 kB | 4.7 kB | 242 kB
Progress (3): 533 kB | 4.7 kB | 247 kB
Progress (3): 533 kB | 4.7 kB | 251 kB
Progress (3): 533 kB | 4.7 kB | 255 kB
Progress (3): 533 kB | 4.7 kB | 259 kB
Progress (3): 533 kB | 4.7 kB | 263 kB
Progress (3): 533 kB | 4.7 kB | 267 kB
Progress (3): 533 kB | 4.7 kB | 271 kB
Progress (3): 533 kB | 4.7 kB | 275 kB
Progress (3): 533 kB | 4.7 kB | 279 kB
Progress (3): 533 kB | 4.7 kB | 283 kB
Progress (3): 533 kB | 4.7 kB | 287 kB
Progress (3): 533 kB | 4.7 kB | 292 kB
Progress (3): 533 kB | 4.7 kB | 296 kB
Progress (3): 533 kB | 4.7 kB | 300 kB
Progress (3): 533 kB | 4.7 kB | 304 kB
Progress (3): 533 kB | 4.7 kB | 308 kB
Progress (3): 533 kB | 4.7 kB | 312 kB
Progress (3): 533 kB | 4.7 kB | 316 kB
Progress (3): 533 kB | 4.7 kB | 320 kB
Progress (3): 533 kB | 4.7 kB | 324 kB
Progress (3): 533 kB | 4.7 kB | 328 kB
Progress (3): 533 kB | 4.7 kB | 333 kB
Progress (3): 533 kB | 4.7 kB | 337 kB
Progress (3): 533 kB | 4.7 kB | 341 kB
Progress (3): 533 kB | 4.7 kB | 345 kB
Progress (3): 533 kB | 4.7 kB | 349 kB
Progress (3): 533 kB | 4.7 kB | 353 kB
Progress (3): 533 kB | 4.7 kB | 357 kB
Progress (3): 533 kB | 4.7 kB | 361 kB
Progress (3): 533 kB | 4.7 kB | 365 kB
Progress (3): 533 kB | 4.7 kB | 369 kB
Progress (3): 537 kB | 4.7 kB | 369 kB
Progress (3): 537 kB | 4.7 kB | 373 kB
Progress (3): 537 kB | 4.7 kB | 378 kB
Progress (3): 537 kB | 4.7 kB | 382 kB
Progress (3): 537 kB | 4.7 kB | 386 kB
Progress (3): 537 kB | 4.7 kB | 390 kB
Progress (3): 537 kB | 4.7 kB | 394 kB
Progress (3): 537 kB | 4.7 kB | 398 kB
Progress (3): 537 kB | 4.7 kB | 402 kB
Progress (3): 537 kB | 4.7 kB | 406 kB
Progress (3): 537 kB | 4.7 kB | 410 kB
Progress (3): 537 kB | 4.7 kB | 414 kB
Progress (3): 537 kB | 4.7 kB | 419 kB
Progress (3): 537 kB | 4.7 kB | 423 kB
Progress (3): 537 kB | 4.7 kB | 427 kB
Progress (3): 541 kB | 4.7 kB | 427 kB
Progress (3): 546 kB | 4.7 kB | 427 kB
Progress (3): 550 kB | 4.7 kB | 427 kB
Progress (3): 554 kB | 4.7 kB | 427 kB
Progress (3): 558 kB | 4.7 kB | 427 kB
Progress (3): 558 kB | 4.7 kB | 431 kB
Progress (3): 562 kB | 4.7 kB | 431 kB
Progress (3): 562 kB | 4.7 kB | 435 kB
Progress (3): 566 kB | 4.7 kB | 435 kB
Progress (3): 566 kB | 4.7 kB | 439 kB
Progress (3): 570 kB | 4.7 kB | 439 kB
Progress (3): 570 kB | 4.7 kB | 443 kB
Progress (3): 574 kB | 4.7 kB | 443 kB
Progress (3): 574 kB | 4.7 kB | 447 kB
Progress (3): 578 kB | 4.7 kB | 447 kB
Progress (3): 578 kB | 4.7 kB | 451 kB
Progress (3): 578 kB | 4.7 kB | 455 kB
Progress (3): 578 kB | 4.7 kB | 459 kB
Progress (3): 578 kB | 4.7 kB | 464 kB
Progress (3): 578 kB | 4.7 kB | 468 kB
Progress (3): 578 kB | 4.7 kB | 472 kB
Progress (3): 578 kB | 4.7 kB | 476 kB
Progress (3): 578 kB | 4.7 kB | 480 kB
Progress (3): 578 kB | 4.7 kB | 484 kB
Progress (3): 578 kB | 4.7 kB | 488 kB
Progress (3): 582 kB | 4.7 kB | 488 kB
Progress (3): 582 kB | 4.7 kB | 492 kB
Progress (3): 582 kB | 4.7 kB | 496 kB
Progress (3): 582 kB | 4.7 kB | 500 kB
Progress (3): 582 kB | 4.7 kB | 505 kB
Progress (3): 582 kB | 4.7 kB | 509 kB
Progress (3): 582 kB | 4.7 kB | 513 kB
Progress (3): 582 kB | 4.7 kB | 517 kB
Progress (3): 582 kB | 4.7 kB | 521 kB
Progress (3): 582 kB | 4.7 kB | 525 kB
Progress (3): 582 kB | 4.7 kB | 529 kB
Progress (3): 582 kB | 4.7 kB | 533 kB
Progress (3): 582 kB | 4.7 kB | 537 kB
Progress (3): 582 kB | 4.7 kB | 541 kB
Progress (3): 582 kB | 4.7 kB | 546 kB
Progress (3): 582 kB | 4.7 kB | 550 kB
Progress (3): 582 kB | 4.7 kB | 554 kB
Progress (3): 582 kB | 4.7 kB | 558 kB
Progress (3): 582 kB | 4.7 kB | 562 kB
Progress (3): 582 kB | 4.7 kB | 566 kB
Progress (3): 582 kB | 4.7 kB | 570 kB
Progress (3): 582 kB | 4.7 kB | 574 kB
Progress (3): 582 kB | 4.7 kB | 578 kB
Progress (3): 582 kB | 4.7 kB | 582 kB
Progress (3): 582 kB | 4.7 kB | 586 kB
Progress (3): 582 kB | 4.7 kB | 591 kB
Progress (3): 582 kB | 4.7 kB | 595 kB
Progress (3): 582 kB | 4.7 kB | 599 kB
Progress (3): 582 kB | 4.7 kB | 603 kB
Progress (3): 582 kB | 4.7 kB | 607 kB
Progress (3): 582 kB | 4.7 kB | 611 kB
Progress (3): 582 kB | 4.7 kB | 615 kB
Progress (3): 582 kB | 4.7 kB | 619 kB
Progress (3): 582 kB | 4.7 kB | 623 kB
Progress (3): 582 kB | 4.7 kB | 627 kB
Progress (3): 582 kB | 4.7 kB | 632 kB
Progress (3): 582 kB | 4.7 kB | 636 kB
Progress (3): 582 kB | 4.7 kB | 640 kB
Progress (3): 582 kB | 4.7 kB | 644 kB
Progress (3): 582 kB | 4.7 kB | 648 kB
Progress (3): 582 kB | 4.7 kB | 652 kB
Progress (3): 582 kB | 4.7 kB | 656 kB
Progress (3): 582 kB | 4.7 kB | 660 kB
Progress (3): 582 kB | 4.7 kB | 664 kB
Progress (3): 582 kB | 4.7 kB | 668 kB
Progress (3): 582 kB | 4.7 kB | 672 kB
Progress (3): 582 kB | 4.7 kB | 677 kB
Progress (3): 582 kB | 4.7 kB | 681 kB
Progress (3): 582 kB | 4.7 kB | 685 kB
Progress (3): 582 kB | 4.7 kB | 689 kB
Progress (3): 582 kB | 4.7 kB | 693 kB
Progress (3): 582 kB | 4.7 kB | 697 kB
Progress (3): 582 kB | 4.7 kB | 701 kB
Progress (3): 582 kB | 4.7 kB | 705 kB
Progress (3): 582 kB | 4.7 kB | 709 kB
Progress (3): 582 kB | 4.7 kB | 713 kB
Progress (3): 582 kB | 4.7 kB | 718 kB
Progress (3): 582 kB | 4.7 kB | 722 kB
Progress (3): 582 kB | 4.7 kB | 726 kB
Progress (3): 582 kB | 4.7 kB | 730 kB
Progress (3): 582 kB | 4.7 kB | 734 kB
Progress (3): 587 kB | 4.7 kB | 734 kB
Progress (3): 587 kB | 4.7 kB | 738 kB
Progress (3): 591 kB | 4.7 kB | 738 kB
Progress (3): 591 kB | 4.7 kB | 742 kB
Progress (3): 591 kB | 4.7 kB | 746 kB
Progress (3): 591 kB | 4.7 kB | 750 kB
Progress (3): 591 kB | 4.7 kB | 754 kB
Progress (3): 591 kB | 4.7 kB | 759 kB
Progress (3): 591 kB | 4.7 kB | 763 kB
Progress (3): 591 kB | 4.7 kB | 767 kB
Progress (3): 591 kB | 4.7 kB | 771 kB
Progress (3): 591 kB | 4.7 kB | 775 kB
Progress (3): 591 kB | 4.7 kB | 779 kB
                                      
Downloaded from aiban-tianyin-core: https://aiban-maven.pkg.coding.net/repository/tianyin/core/org/springframework/boot/spring-boot-starter-tomcat-runtime/4.0.1/spring-boot-starter-tomcat-runtime-4.0.1.jar (4.7 kB at 4.1 kB/s)
Progress (2): 591 kB | 783 kB
                             
Downloading from aiban-tianyin-core: https://aiban-maven.pkg.coding.net/repository/tianyin/core/org/apache/tomcat/embed/tomcat-embed-core/11.0.15/tomcat-embed-core-11.0.15.jar
Progress (2): 591 kB | 787 kB
Progress (2): 591 kB | 791 kB
Progress (2): 591 kB | 795 kB
Progress (2): 591 kB | 799 kB
Progress (2): 591 kB | 804 kB
Progress (2): 591 kB | 808 kB
Progress (2): 591 kB | 812 kB
Progress (2): 591 kB | 816 kB
Progress (2): 591 kB | 820 kB
Progress (2): 595 kB | 820 kB
Progress (2): 595 kB | 824 kB
Progress (2): 595 kB | 828 kB
Progress (2): 595 kB | 832 kB
Progress (2): 595 kB | 836 kB
Progress (2): 595 kB | 840 kB
Progress (2): 595 kB | 844 kB
Progress (2): 595 kB | 848 kB
Progress (2): 595 kB | 852 kB
Progress (2): 595 kB | 856 kB
Progress (2): 595 kB | 861 kB
Progress (2): 595 kB | 865 kB
Progress (2): 595 kB | 869 kB
Progress (2): 595 kB | 873 kB
Progress (2): 595 kB | 877 kB
Progress (2): 595 kB | 881 kB
Progress (2): 595 kB | 885 kB
Progress (2): 595 kB | 887 kB
Progress (2): 595 kB | 892 kB
Progress (2): 599 kB | 892 kB
Progress (2): 599 kB | 895 kB
Progress (2): 603 kB | 895 kB
Progress (2): 603 kB | 899 kB
Progress (2): 607 kB | 899 kB
Progress (2): 607 kB | 903 kB
Progress (2): 611 kB | 903 kB
Progress (2): 611 kB | 907 kB
Progress (2): 615 kB | 907 kB
Progress (2): 615 kB | 911 kB
Progress (2): 619 kB | 911 kB
Progress (2): 619 kB | 915 kB
Progress (2): 621 kB | 915 kB
Progress (2): 621 kB | 919 kB
Progress (2): 621 kB | 923 kB
Progress (2): 621 kB | 927 kB
Progress (2): 621 kB | 931 kB
Progress (2): 621 kB | 935 kB
Progress (2): 621 kB | 940 kB
Progress (2): 621 kB | 943 kB
Progress (2): 621 kB | 947 kB
Progress (2): 621 kB | 951 kB
Progress (2): 621 kB | 955 kB
Progress (2): 621 kB | 959 kB
Progress (2): 621 kB | 963 kB
Progress (2): 621 kB | 967 kB
Progress (2): 621 kB | 971 kB
Progress (2): 621 kB | 975 kB
Progress (2): 621 kB | 979 kB
Progress (2): 621 kB | 982 kB
                             
Downloaded from aiban-tianyin-core: https://aiban-maven.pkg.coding.net/repository/tianyin/core/com/corundumstudio/socketio/netty-socketio/2.0.11/netty-socketio-2.0.11.jar (621 kB at 453 kB/s)
Downloading from aiban-tianyin-core: https://aiban-maven.pkg.coding.net/repository/tianyin/core/org/apache/tomcat/embed/tomcat-embed-el/11.0.15/tomcat-embed-el-11.0.15.jar
Progress (2): 982 kB | 4.0 kB
Progress (2): 982 kB | 8.1 kB
Progress (2): 982 kB | 12 kB 
Progress (2): 982 kB | 15 kB
                            
Downloaded from aiban-tianyin-core: https://aiban-maven.pkg.coding.net/repository/tianyin/core/com/hazelcast/hazelcast-client/3.12.13/hazelcast-client-3.12.13.jar (982 kB at 697 kB/s)
Progress (1): 18 kB
                   
Downloading from aiban-tianyin-core: https://aiban-maven.pkg.coding.net/repository/tianyin/core/org/apache/tomcat/embed/tomcat-embed-websocket/11.0.15/tomcat-embed-websocket-11.0.15.jar
Progress (1): 21 kB
Progress (1): 24 kB
Progress (1): 26 kB
Progress (1): 29 kB
Progress (1): 32 kB
Progress (1): 36 kB
Progress (1): 39 kB
Progress (1): 43 kB
Progress (1): 47 kB
Progress (1): 51 kB
Progress (1): 54 kB
Progress (1): 57 kB
Progress (1): 60 kB
Progress (1): 64 kB
Progress (1): 67 kB
Progress (1): 70 kB
Progress (1): 73 kB
Progress (1): 77 kB
Progress (1): 81 kB
Progress (1): 85 kB
Progress (1): 89 kB
Progress (1): 93 kB
Progress (1): 95 kB
Progress (1): 98 kB
Progress (1): 101 kB
Progress (1): 105 kB
Progress (1): 109 kB
Progress (1): 113 kB
Progress (1): 117 kB
Progress (1): 121 kB
Progress (1): 123 kB
Progress (1): 126 kB
Progress (1): 129 kB
Progress (1): 132 kB
Progress (1): 134 kB
Progress (1): 137 kB
Progress (1): 141 kB
Progress (1): 144 kB
Progress (1): 148 kB
Progress (1): 151 kB
Progress (1): 156 kB
Progress (1): 160 kB
Progress (1): 163 kB
Progress (1): 166 kB
Progress (1): 168 kB
Progress (1): 172 kB
Progress (1): 174 kB
                    
Downloaded from aiban-tianyin-core: https://aiban-maven.pkg.coding.net/repository/tianyin/core/org/apache/tomcat/embed/tomcat-embed-core/11.0.15/tomcat-embed-core-11.0.15.jar (0 B at 0 B/s)
Downloading from aiban-tianyin-core: https://aiban-maven.pkg.coding.net/repository/tianyin/core/org/springframework/boot/spring-boot-tomcat/4.0.1/spring-boot-tomcat-4.0.1.jar
Downloaded from aiban-tianyin-core: https://aiban-maven.pkg.coding.net/repository/tianyin/core/org/apache/tomcat/embed/tomcat-embed-el/11.0.15/tomcat-embed-el-11.0.15.jar (0 B at 0 B/s)
Downloaded from aiban-tianyin-core: https://aiban-maven.pkg.coding.net/repository/tianyin/core/org/springframework/boot/spring-boot-web-server/4.0.1/spring-boot-web-server-4.0.1.jar (174 kB at 108 kB/s)
Progress (1): 3.9 kB
Progress (1): 8.0 kB
Progress (1): 11 kB 
                   
Downloaded from aiban-tianyin-core: https://aiban-maven.pkg.coding.net/repository/tianyin/core/org/apache/tomcat/embed/tomcat-embed-websocket/11.0.15/tomcat-embed-websocket-11.0.15.jar (0 B at 0 B/s)
Progress (1): 14 kB
Progress (1): 17 kB
Progress (1): 19 kB
Progress (1): 22 kB
Progress (1): 26 kB
Progress (1): 30 kB
Progress (1): 34 kB
Progress (1): 36 kB
Progress (1): 41 kB
Progress (1): 43 kB
Progress (1): 46 kB
Progress (1): 50 kB
Progress (1): 53 kB
Progress (1): 57 kB
Progress (1): 61 kB
Progress (1): 65 kB
Progress (1): 69 kB
Progress (1): 73 kB
Progress (1): 77 kB
Progress (1): 81 kB
Progress (1): 86 kB
Progress (1): 90 kB
Progress (1): 94 kB
Progress (1): 98 kB
Progress (1): 102 kB
Progress (1): 106 kB
Progress (1): 110 kB
Progress (1): 114 kB
Progress (1): 118 kB
Progress (1): 122 kB
                    
Downloaded from aiban-tianyin-core: https://aiban-maven.pkg.coding.net/repository/tianyin/core/org/springframework/boot/spring-boot-tomcat/4.0.1/spring-boot-tomcat-4.0.1.jar (122 kB at 60 kB/s)
Progress (1): 2.6 kB
Progress (1): 6.7 kB
Progress (1): 11 kB 
Progress (1): 14 kB
Progress (1): 17 kB
Progress (1): 21 kB
Progress (1): 24 kB
Progress (1): 26 kB
Progress (1): 31 kB
Progress (1): 35 kB
Progress (1): 38 kB
Progress (1): 42 kB
Progress (1): 46 kB
Progress (1): 50 kB
Progress (1): 54 kB
Progress (1): 58 kB
Progress (1): 62 kB
Progress (1): 66 kB
Progress (1): 70 kB
Progress (1): 74 kB
Progress (1): 78 kB
Progress (1): 83 kB
Progress (1): 87 kB
Progress (1): 91 kB
Progress (1): 95 kB
Progress (1): 99 kB
Progress (1): 103 kB
Progress (1): 107 kB
Progress (1): 111 kB
Progress (1): 115 kB
Progress (1): 119 kB
Progress (1): 124 kB
Progress (1): 128 kB
Progress (1): 132 kB
Progress (1): 136 kB
Progress (1): 140 kB
Progress (1): 144 kB
Progress (1): 148 kB
Progress (1): 152 kB
Progress (1): 156 kB
Progress (1): 160 kB
Progress (1): 164 kB
Progress (1): 169 kB
Progress (1): 173 kB
Progress (1): 177 kB
Progress (1): 181 kB
Progress (1): 185 kB
Progress (1): 189 kB
Progress (1): 193 kB
Progress (1): 197 kB
Progress (1): 201 kB
Progress (1): 205 kB
Progress (1): 210 kB
Progress (1): 214 kB
Progress (1): 218 kB
Progress (1): 222 kB
Progress (1): 226 kB
Progress (1): 230 kB
Progress (1): 234 kB
Progress (1): 238 kB
Progress (1): 242 kB
Progress (1): 246 kB
Progress (1): 251 kB
Progress (1): 255 kB
Progress (1): 259 kB
Progress (1): 263 kB
Progress (1): 267 kB
Progress (1): 271 kB
Progress (1): 275 kB
Progress (1): 279 kB
Progress (1): 283 kB
Progress (1): 287 kB
Progress (1): 291 kB
Progress (1): 296 kB
Progress (1): 300 kB
Progress (1): 304 kB
Progress (1): 308 kB
Progress (1): 312 kB
Progress (1): 316 kB
Progress (1): 320 kB
Progress (1): 324 kB
Progress (1): 328 kB
Progress (1): 332 kB
Progress (1): 337 kB
Progress (1): 341 kB
Progress (1): 345 kB
Progress (1): 349 kB
Progress (1): 353 kB
Progress (1): 357 kB
Progress (1): 361 kB
Progress (1): 365 kB
Progress (1): 369 kB
Progress (1): 373 kB
Progress (1): 377 kB
Progress (1): 382 kB
Progress (1): 386 kB
Progress (1): 390 kB
Progress (1): 394 kB
Progress (1): 398 kB
Progress (1): 402 kB
Progress (1): 406 kB
Progress (1): 410 kB
Progress (1): 414 kB
Progress (1): 418 kB
Progress (1): 423 kB
Progress (1): 427 kB
Progress (1): 431 kB
Progress (1): 435 kB
Progress (1): 439 kB
Progress (1): 443 kB
Progress (1): 447 kB
Progress (1): 451 kB
Progress (1): 455 kB
Progress (1): 459 kB
Progress (1): 464 kB
Progress (1): 468 kB
Progress (1): 472 kB
Progress (1): 476 kB
Progress (1): 480 kB
Progress (1): 484 kB
Progress (1): 488 kB
Progress (1): 492 kB
Progress (1): 496 kB
Progress (1): 500 kB
Progress (1): 504 kB
Progress (1): 509 kB
Progress (1): 513 kB
Progress (1): 517 kB
Progress (1): 521 kB
Progress (1): 525 kB
Progress (1): 529 kB
Progress (1): 533 kB
Progress (1): 537 kB
Progress (1): 541 kB
Progress (1): 545 kB
Progress (1): 550 kB
Progress (1): 554 kB
Progress (1): 558 kB
Progress (1): 562 kB
Progress (1): 566 kB
Progress (1): 570 kB
Progress (1): 574 kB
Progress (1): 578 kB
Progress (1): 582 kB
Progress (1): 586 kB
Progress (1): 590 kB
Progress (1): 595 kB
Progress (1): 599 kB
Progress (1): 603 kB
Progress (1): 607 kB
Progress (1): 611 kB
Progress (1): 615 kB
Progress (1): 619 kB
Progress (1): 623 kB
Progress (1): 627 kB
Progress (1): 631 kB
Progress (1): 636 kB
Progress (1): 640 kB
Progress (1): 644 kB
Progress (1): 648 kB
Progress (1): 652 kB
Progress (1): 656 kB
Progress (1): 660 kB
Progress (1): 664 kB
Progress (1): 668 kB
Progress (1): 672 kB
Progress (1): 676 kB
Progress (1): 681 kB
Progress (1): 685 kB
Progress (1): 689 kB
Progress (1): 693 kB
Progress (1): 697 kB
Progress (1): 701 kB
Progress (1): 705 kB
Progress (1): 709 kB
Progress (1): 713 kB
Progress (1): 717 kB
Progress (1): 722 kB
Progress (1): 726 kB
Progress (1): 730 kB
Progress (1): 734 kB
Progress (1): 738 kB
Progress (1): 742 kB
Progress (1): 746 kB
Progress (1): 750 kB
Progress (1): 754 kB
Progress (1): 758 kB
Progress (1): 763 kB
Progress (1): 767 kB
Progress (1): 771 kB
Progress (1): 775 kB
Progress (1): 779 kB
Progress (1): 783 kB
Progress (1): 787 kB
Progress (1): 791 kB
Progress (1): 795 kB
Progress (1): 799 kB
Progress (1): 803 kB
Progress (1): 808 kB
Progress (1): 812 kB
Progress (1): 816 kB
Progress (1): 820 kB
Progress (1): 824 kB
Progress (1): 828 kB
Progress (1): 832 kB
Progress (1): 836 kB
Progress (1): 840 kB
Progress (1): 844 kB
Progress (1): 849 kB
Progress (1): 853 kB
Progress (1): 857 kB
Progress (1): 861 kB
Progress (1): 865 kB
Progress (1): 869 kB
Progress (1): 873 kB
Progress (1): 877 kB
Progress (1): 881 kB
Progress (1): 885 kB
Progress (1): 889 kB
Progress (1): 894 kB
Progress (1): 898 kB
Progress (1): 902 kB
Progress (1): 906 kB
Progress (1): 910 kB
Progress (1): 914 kB
Progress (1): 918 kB
Progress (1): 922 kB
Progress (1): 926 kB
Progress (1): 930 kB
Progress (1): 935 kB
Progress (1): 939 kB
Progress (1): 943 kB
Progress (1): 947 kB
Progress (1): 951 kB
Progress (1): 955 kB
Progress (1): 959 kB
Progress (1): 963 kB
Progress (1): 967 kB
Progress (1): 971 kB
Progress (1): 976 kB
Progress (1): 980 kB
Progress (1): 984 kB
Progress (1): 988 kB
Progress (1): 992 kB
Progress (1): 996 kB
Progress (1): 1.0 MB
Progress (1): 1.0 MB
Progress (1): 1.0 MB
Progress (1): 1.0 MB
Progress (1): 1.0 MB
Progress (1): 1.0 MB
Progress (1): 1.0 MB
Progress (1): 1.0 MB
Progress (1): 1.0 MB
Progress (1): 1.0 MB
Progress (1): 1.0 MB
Progress (1): 1.0 MB
Progress (1): 1.0 MB
Progress (1): 1.1 MB
Progress (1): 1.1 MB
Progress (1): 1.1 MB
Progress (1): 1.1 MB
Progress (1): 1.1 MB
Progress (1): 1.1 MB
Progress (1): 1.1 MB
Progress (1): 1.1 MB
Progress (1): 1.1 MB
Progress (1): 1.1 MB
Progress (1): 1.1 MB
Progress (1): 1.1 MB
Progress (1): 1.1 MB
Progress (1): 1.1 MB
Progress (1): 1.1 MB
Progress (1): 1.1 MB
Progress (1): 1.1 MB
Progress (1): 1.1 MB
Progress (1): 1.1 MB
Progress (1): 1.1 MB
Progress (1): 1.1 MB
Progress (1): 1.1 MB
Progress (1): 1.1 MB
Progress (1): 1.1 MB
Progress (1): 1.2 MB
Progress (1): 1.2 MB
Progress (1): 1.2 MB
Progress (1): 1.2 MB
Progress (1): 1.2 MB
Progress (1): 1.2 MB
Progress (1): 1.2 MB
Progress (1): 1.2 MB
Progress (1): 1.2 MB
Progress (1): 1.2 MB
Progress (1): 1.2 MB
Progress (1): 1.2 MB
Progress (1): 1.2 MB
Progress (1): 1.2 MB
Progress (1): 1.2 MB
Progress (1): 1.2 MB
Progress (1): 1.2 MB
Progress (1): 1.2 MB
Progress (1): 1.2 MB
Progress (1): 1.2 MB
Progress (1): 1.2 MB
Progress (1): 1.2 MB
Progress (1): 1.2 MB
Progress (1): 1.2 MB
Progress (1): 1.2 MB
Progress (1): 1.3 MB
Progress (1): 1.3 MB
Progress (1): 1.3 MB
Progress (1): 1.3 MB
Progress (1): 1.3 MB
Progress (1): 1.3 MB
Progress (1): 1.3 MB
Progress (1): 1.3 MB
Progress (1): 1.3 MB
Progress (1): 1.3 MB
Progress (1): 1.3 MB
Progress (1): 1.3 MB
Progress (1): 1.3 MB
Progress (1): 1.3 MB
Progress (1): 1.3 MB
Progress (1): 1.3 MB
Progress (1): 1.3 MB
Progress (1): 1.3 MB
Progress (1): 1.3 MB
Progress (1): 1.3 MB
Progress (1): 1.3 MB
Progress (1): 1.3 MB
Progress (1): 1.3 MB
Progress (1): 1.3 MB
Progress (1): 1.4 MB
Progress (1): 1.4 MB
Progress (1): 1.4 MB
Progress (1): 1.4 MB
Progress (1): 1.4 MB
Progress (1): 1.4 MB
Progress (1): 1.4 MB
Progress (1): 1.4 MB
Progress (1): 1.4 MB
Progress (1): 1.4 MB
Progress (1): 1.4 MB
Progress (1): 1.4 MB
Progress (1): 1.4 MB
Progress (1): 1.4 MB
Progress (1): 1.4 MB
Progress (1): 1.4 MB
Progress (1): 1.4 MB
Progress (1): 1.4 MB
Progress (1): 1.4 MB
Progress (1): 1.4 MB
Progress (1): 1.4 MB
Progress (1): 1.4 MB
Progress (1): 1.4 MB
Progress (1): 1.4 MB
Progress (1): 1.5 MB
Progress (1): 1.5 MB
Progress (1): 1.5 MB
Progress (1): 1.5 MB
Progress (1): 1.5 MB
Progress (1): 1.5 MB
Progress (1): 1.5 MB
Progress (1): 1.5 MB
Progress (1): 1.5 MB
Progress (1): 1.5 MB
Progress (1): 1.5 MB
Progress (1): 1.5 MB
Progress (1): 1.5 MB
Progress (1): 1.5 MB
Progress (1): 1.5 MB
Progress (1): 1.5 MB
Progress (1): 1.5 MB
Progress (1): 1.5 MB
Progress (1): 1.5 MB
Progress (1): 1.5 MB
Progress (1): 1.5 MB
Progress (1): 1.5 MB
Progress (1): 1.5 MB
Progress (1): 1.5 MB
Progress (1): 1.5 MB
Progress (1): 1.6 MB
Progress (1): 1.6 MB
Progress (1): 1.6 MB
Progress (1): 1.6 MB
Progress (1): 1.6 MB
Progress (1): 1.6 MB
Progress (1): 1.6 MB
Progress (1): 1.6 MB
Progress (1): 1.6 MB
Progress (1): 1.6 MB
Progress (1): 1.6 MB
Progress (1): 1.6 MB
Progress (1): 1.6 MB
Progress (1): 1.6 MB
Progress (1): 1.6 MB
Progress (1): 1.6 MB
Progress (1): 1.6 MB
Progress (1): 1.6 MB
Progress (1): 1.6 MB
Progress (1): 1.6 MB
Progress (1): 1.6 MB
Progress (1): 1.6 MB
Progress (1): 1.6 MB
Progress (1): 1.6 MB
Progress (1): 1.6 MB
Progress (1): 1.7 MB
Progress (1): 1.7 MB
Progress (1): 1.7 MB
Progress (1): 1.7 MB
Progress (1): 1.7 MB
Progress (1): 1.7 MB
Progress (1): 1.7 MB
Progress (1): 1.7 MB
Progress (1): 1.7 MB
Progress (1): 1.7 MB
Progress (1): 1.7 MB
Progress (1): 1.7 MB
Progress (1): 1.7 MB
Progress (1): 1.7 MB
Progress (1): 1.7 MB
Progress (1): 1.7 MB
Progress (1): 1.7 MB
Progress (1): 1.7 MB
Progress (1): 1.7 MB
Progress (1): 1.7 MB
Progress (1): 1.7 MB
Progress (1): 1.7 MB
Progress (1): 1.7 MB
Progress (1): 1.7 MB
Progress (1): 1.7 MB
Progress (1): 1.8 MB
Progress (1): 1.8 MB
Progress (1): 1.8 MB
Progress (1): 1.8 MB
Progress (1): 1.8 MB
Progress (1): 1.8 MB
Progress (1): 1.8 MB
Progress (1): 1.8 MB
Progress (1): 1.8 MB
Progress (1): 1.8 MB
Progress (1): 1.8 MB
Progress (1): 1.8 MB
Progress (1): 1.8 MB
Progress (1): 1.8 MB
Progress (1): 1.8 MB
Progress (1): 1.8 MB
Progress (1): 1.8 MB
Progress (1): 1.8 MB
Progress (1): 1.8 MB
Progress (1): 1.8 MB
Progress (1): 1.8 MB
Progress (1): 1.8 MB
Progress (1): 1.8 MB
Progress (1): 1.8 MB
Progress (1): 1.9 MB
Progress (1): 1.9 MB
Progress (1): 1.9 MB
Progress (1): 1.9 MB
Progress (1): 1.9 MB
Progress (1): 1.9 MB
Progress (1): 1.9 MB
Progress (1): 1.9 MB
Progress (1): 1.9 MB
Progress (1): 1.9 MB
Progress (1): 1.9 MB
Progress (1): 1.9 MB
Progress (1): 1.9 MB
Progress (1): 1.9 MB
Progress (1): 1.9 MB
Progress (1): 1.9 MB
Progress (1): 1.9 MB
Progress (1): 1.9 MB
Progress (1): 1.9 MB
Progress (1): 1.9 MB
Progress (1): 1.9 MB
Progress (1): 1.9 MB
Progress (1): 1.9 MB
Progress (1): 1.9 MB
Progress (1): 1.9 MB
Progress (1): 1.9 MB
Progress (1): 2.0 MB
Progress (1): 2.0 MB
Progress (1): 2.0 MB
Progress (1): 2.0 MB
Progress (1): 2.0 MB
Progress (1): 2.0 MB
Progress (1): 2.0 MB
Progress (1): 2.0 MB
Progress (1): 2.0 MB
Progress (1): 2.0 MB
Progress (1): 2.0 MB
Progress (1): 2.0 MB
Progress (1): 2.0 MB
Progress (1): 2.0 MB
Progress (1): 2.0 MB
Progress (1): 2.0 MB
Progress (1): 2.0 MB
Progress (1): 2.0 MB
Progress (1): 2.0 MB
Progress (1): 2.0 MB
Progress (1): 2.0 MB
Progress (1): 2.0 MB
Progress (1): 2.0 MB
Progress (1): 2.0 MB
Progress (1): 2.0 MB
Progress (1): 2.1 MB
Progress (1): 2.1 MB
Progress (1): 2.1 MB
Progress (1): 2.1 MB
Progress (1): 2.1 MB
Progress (1): 2.1 MB
Progress (1): 2.1 MB
Progress (1): 2.1 MB
Progress (1): 2.1 MB
Progress (1): 2.1 MB
Progress (1): 2.1 MB
Progress (1): 2.1 MB
Progress (1): 2.1 MB
Progress (1): 2.1 MB
Progress (1): 2.1 MB
Progress (1): 2.1 MB
Progress (1): 2.1 MB
Progress (1): 2.1 MB
Progress (1): 2.1 MB
Progress (1): 2.1 MB
Progress (1): 2.1 MB
Progress (1): 2.1 MB
Progress (1): 2.1 MB
Progress (1): 2.1 MB
Progress (1): 2.1 MB
Progress (1): 2.1 MB
Progress (1): 2.2 MB
Progress (1): 2.2 MB
Progress (1): 2.2 MB
Progress (1): 2.2 MB
Progress (1): 2.2 MB
Progress (1): 2.2 MB
Progress (1): 2.2 MB
Progress (1): 2.2 MB
Progress (1): 2.2 MB
Progress (1): 2.2 MB
Progress (1): 2.2 MB
Progress (1): 2.2 MB
Progress (1): 2.2 MB
Progress (1): 2.2 MB
Progress (1): 2.2 MB
Progress (1): 2.2 MB
Progress (1): 2.2 MB
Progress (1): 2.2 MB
Progress (1): 2.2 MB
Progress (1): 2.2 MB
Progress (1): 2.2 MB
Progress (1): 2.2 MB
Progress (1): 2.2 MB
Progress (1): 2.2 MB
Progress (1): 2.3 MB
Progress (1): 2.3 MB
Progress (1): 2.3 MB
Progress (1): 2.3 MB
Progress (1): 2.3 MB
Progress (1): 2.3 MB
Progress (1): 2.3 MB
Progress (1): 2.3 MB
Progress (1): 2.3 MB
Progress (1): 2.3 MB
Progress (1): 2.3 MB
Progress (1): 2.3 MB
Progress (1): 2.3 MB
Progress (1): 2.3 MB
Progress (1): 2.3 MB
Progress (1): 2.3 MB
Progress (1): 2.3 MB
Progress (1): 2.3 MB
Progress (1): 2.3 MB
Progress (1): 2.3 MB
Progress (1): 2.3 MB
Progress (1): 2.3 MB
Progress (1): 2.3 MB
Progress (1): 2.3 MB
Progress (1): 2.3 MB
Progress (1): 2.4 MB
Progress (1): 2.4 MB
Progress (1): 2.4 MB
Progress (1): 2.4 MB
Progress (1): 2.4 MB
Progress (1): 2.4 MB
Progress (1): 2.4 MB
Progress (1): 2.4 MB
Progress (1): 2.4 MB
Progress (1): 2.4 MB
Progress (1): 2.4 MB
Progress (1): 2.4 MB
Progress (1): 2.4 MB
Progress (1): 2.4 MB
Progress (1): 2.4 MB
Progress (1): 2.4 MB
Progress (1): 2.4 MB
Progress (1): 2.4 MB
Progress (1): 2.4 MB
Progress (1): 2.4 MB
Progress (1): 2.4 MB
Progress (1): 2.4 MB
Progress (1): 2.4 MB
Progress (1): 2.4 MB
Progress (1): 2.4 MB
Progress (1): 2.4 MB
Progress (1): 2.4 MB
Progress (1): 2.5 MB
Progress (1): 2.5 MB
Progress (1): 2.5 MB
Progress (1): 2.5 MB
Progress (1): 2.5 MB
Progress (1): 2.5 MB
Progress (1): 2.5 MB
Progress (1): 2.5 MB
Progress (1): 2.5 MB
Progress (1): 2.5 MB
Progress (1): 2.5 MB
Progress (1): 2.5 MB
Progress (1): 2.5 MB
Progress (1): 2.5 MB
Progress (1): 2.5 MB
Progress (1): 2.5 MB
Progress (1): 2.5 MB
Progress (1): 2.5 MB
Progress (1): 2.5 MB
Progress (1): 2.5 MB
Progress (1): 2.5 MB
Progress (1): 2.5 MB
Progress (1): 2.5 MB
Progress (1): 2.5 MB
Progress (1): 2.6 MB
Progress (1): 2.6 MB
Progress (1): 2.6 MB
Progress (1): 2.6 MB
Progress (1): 2.6 MB
Progress (1): 2.6 MB
Progress (1): 2.6 MB
Progress (1): 2.6 MB
Progress (1): 2.6 MB
Progress (1): 2.6 MB
Progress (1): 2.6 MB
Progress (1): 2.6 MB
Progress (1): 2.6 MB
Progress (1): 2.6 MB
Progress (1): 2.6 MB
Progress (1): 2.6 MB
Progress (1): 2.6 MB
Progress (1): 2.6 MB
Progress (1): 2.6 MB
Progress (1): 2.6 MB
Progress (1): 2.6 MB
Progress (1): 2.6 MB
Progress (1): 2.6 MB
Progress (1): 2.6 MB
Progress (1): 2.6 MB
Progress (1): 2.7 MB
Progress (1): 2.7 MB
Progress (1): 2.7 MB
Progress (1): 2.7 MB
Progress (1): 2.7 MB
Progress (1): 2.7 MB
Progress (1): 2.7 MB
Progress (1): 2.7 MB
Progress (1): 2.7 MB
Progress (1): 2.7 MB
Progress (1): 2.7 MB
Progress (1): 2.7 MB
Progress (1): 2.7 MB
Progress (1): 2.7 MB
Progress (1): 2.7 MB
Progress (1): 2.7 MB
Progress (1): 2.7 MB
Progress (1): 2.7 MB
Progress (1): 2.7 MB
Progress (1): 2.7 MB
Progress (1): 2.7 MB
Progress (1): 2.7 MB
Progress (1): 2.7 MB
Progress (1): 2.7 MB
Progress (1): 2.7 MB
Progress (1): 2.7 MB
Progress (1): 2.8 MB
Progress (1): 2.8 MB
Progress (1): 2.8 MB
Progress (1): 2.8 MB
Progress (1): 2.8 MB
Progress (1): 2.8 MB
Progress (1): 2.8 MB
Progress (1): 2.8 MB
Progress (1): 2.8 MB
Progress (1): 2.8 MB
Progress (1): 2.8 MB
Progress (1): 2.8 MB
Progress (1): 2.8 MB
Progress (1): 2.8 MB
Progress (1): 2.8 MB
Progress (1): 2.8 MB
Progress (1): 2.8 MB
Progress (1): 2.8 MB
Progress (1): 2.8 MB
Progress (1): 2.8 MB
Progress (1): 2.8 MB
Progress (1): 2.8 MB
Progress (1): 2.8 MB
Progress (1): 2.8 MB
Progress (1): 2.8 MB
Progress (1): 2.9 MB
Progress (1): 2.9 MB
Progress (1): 2.9 MB
Progress (1): 2.9 MB
Progress (1): 2.9 MB
Progress (1): 2.9 MB
Progress (1): 2.9 MB
Progress (1): 2.9 MB
Progress (1): 2.9 MB
Progress (1): 2.9 MB
Progress (1): 2.9 MB
Progress (1): 2.9 MB
Progress (1): 2.9 MB
Progress (1): 2.9 MB
Progress (1): 2.9 MB
Progress (1): 2.9 MB
Progress (1): 2.9 MB
Progress (1): 2.9 MB
Progress (1): 2.9 MB
Progress (1): 2.9 MB
Progress (1): 2.9 MB
Progress (1): 2.9 MB
Progress (1): 2.9 MB
Progress (1): 2.9 MB
Progress (1): 2.9 MB
Progress (1): 3.0 MB
Progress (1): 3.0 MB
Progress (1): 3.0 MB
Progress (1): 3.0 MB
Progress (1): 3.0 MB
Progress (1): 3.0 MB
Progress (1): 3.0 MB
Progress (1): 3.0 MB
Progress (1): 3.0 MB
Progress (1): 3.0 MB
Progress (1): 3.0 MB
Progress (1): 3.0 MB
Progress (1): 3.0 MB
Progress (1): 3.0 MB
Progress (1): 3.0 MB
Progress (1): 3.0 MB
Progress (1): 3.0 MB
Progress (1): 3.0 MB
Progress (1): 3.0 MB
Progress (1): 3.0 MB
Progress (1): 3.0 MB
Progress (1): 3.0 MB
Progress (1): 3.0 MB
Progress (1): 3.0 MB
Progress (1): 3.0 MB
Progress (1): 3.1 MB
Progress (1): 3.1 MB
Progress (1): 3.1 MB
Progress (1): 3.1 MB
Progress (1): 3.1 MB
Progress (1): 3.1 MB
Progress (1): 3.1 MB
Progress (1): 3.1 MB
Progress (1): 3.1 MB
Progress (1): 3.1 MB
Progress (1): 3.1 MB
Progress (1): 3.1 MB
Progress (1): 3.1 MB
Progress (1): 3.1 MB
Progress (1): 3.1 MB
Progress (1): 3.1 MB
Progress (1): 3.1 MB
Progress (1): 3.1 MB
Progress (1): 3.1 MB
Progress (1): 3.1 MB
Progress (1): 3.1 MB
Progress (1): 3.1 MB
Progress (1): 3.1 MB
Progress (1): 3.1 MB
Progress (1): 3.2 MB
Progress (1): 3.2 MB
Progress (1): 3.2 MB
Progress (1): 3.2 MB
Progress (1): 3.2 MB
Progress (1): 3.2 MB
Progress (1): 3.2 MB
Progress (1): 3.2 MB
Progress (1): 3.2 MB
Progress (1): 3.2 MB
Progress (1): 3.2 MB
Progress (1): 3.2 MB
Progress (1): 3.2 MB
Progress (1): 3.2 MB
Progress (1): 3.2 MB
Progress (1): 3.2 MB
Progress (1): 3.2 MB
Progress (1): 3.2 MB
Progress (1): 3.2 MB
Progress (1): 3.2 MB
Progress (1): 3.2 MB
Progress (1): 3.2 MB
Progress (1): 3.2 MB
Progress (1): 3.2 MB
Progress (1): 3.2 MB
Progress (1): 3.3 MB
Progress (1): 3.3 MB
Progress (1): 3.3 MB
Progress (1): 3.3 MB
Progress (1): 3.3 MB
Progress (1): 3.3 MB
Progress (1): 3.3 MB
Progress (1): 3.3 MB
Progress (1): 3.3 MB
Progress (1): 3.3 MB
Progress (1): 3.3 MB
Progress (1): 3.3 MB
Progress (1): 3.3 MB
Progress (1): 3.3 MB
Progress (1): 3.3 MB
Progress (1): 3.3 MB
Progress (1): 3.3 MB
Progress (1): 3.3 MB
Progress (1): 3.3 MB
Progress (1): 3.3 MB
Progress (1): 3.3 MB
Progress (1): 3.3 MB
Progress (1): 3.3 MB
Progress (1): 3.3 MB
Progress (1): 3.4 MB
Progress (1): 3.4 MB
Progress (1): 3.4 MB
Progress (1): 3.4 MB
Progress (1): 3.4 MB
Progress (1): 3.4 MB
Progress (1): 3.4 MB
Progress (1): 3.4 MB
Progress (1): 3.4 MB
Progress (1): 3.4 MB
Progress (1): 3.4 MB
Progress (1): 3.4 MB
Progress (1): 3.4 MB
Progress (1): 3.4 MB
Progress (1): 3.4 MB
Progress (1): 3.4 MB
Progress (1): 3.4 MB
Progress (1): 3.4 MB
Progress (1): 3.4 MB
Progress (1): 3.4 MB
Progress (1): 3.4 MB
Progress (1): 3.4 MB
Progress (1): 3.4 MB
Progress (1): 3.4 MB
Progress (1): 3.4 MB
Progress (1): 3.5 MB
Progress (1): 3.5 MB
Progress (1): 3.5 MB
Progress (1): 3.5 MB
Progress (1): 3.5 MB
Progress (1): 3.5 MB
Progress (1): 3.5 MB
Progress (1): 3.5 MB
Progress (1): 3.5 MB
Progress (1): 3.5 MB
Progress (1): 3.5 MB
Progress (1): 3.5 MB
Progress (1): 3.5 MB
Progress (1): 3.5 MB
Progress (1): 3.5 MB
Progress (1): 3.5 MB
Progress (1): 3.5 MB
Progress (1): 3.5 MB
Progress (1): 3.5 MB
Progress (1): 3.5 MB
Progress (1): 3.5 MB
Progress (1): 3.5 MB
Progress (1): 3.5 MB
Progress (1): 3.5 MB
Progress (1): 3.6 MB
Progress (1): 3.6 MB
Progress (1): 3.6 MB
Progress (1): 3.6 MB
Progress (1): 3.6 MB
Progress (1): 3.6 MB
Progress (1): 3.6 MB
Progress (1): 3.6 MB
Progress (1): 3.6 MB
Progress (1): 3.6 MB
Progress (1): 3.6 MB
Progress (1): 3.6 MB
Progress (1): 3.6 MB
Progress (1): 3.6 MB
Progress (1): 3.6 MB
Progress (1): 3.6 MB
Progress (1): 3.6 MB
Progress (1): 3.6 MB
Progress (1): 3.6 MB
Progress (1): 3.6 MB
Progress (1): 3.6 MB
Progress (1): 3.6 MB
Progress (1): 3.6 MB
Progress (1): 3.6 MB
Progress (1): 3.7 MB
Progress (1): 3.7 MB
Progress (1): 3.7 MB
Progress (1): 3.7 MB
Progress (1): 3.7 MB
Progress (1): 3.7 MB
Progress (1): 3.7 MB
Progress (1): 3.7 MB
Progress (1): 3.7 MB
Progress (1): 3.7 MB
Progress (1): 3.7 MB
Progress (1): 3.7 MB
Progress (1): 3.7 MB
Progress (1): 3.7 MB
Progress (1): 3.7 MB
Progress (1): 3.7 MB
Progress (1): 3.7 MB
Progress (1): 3.7 MB
Progress (1): 3.7 MB
Progress (1): 3.7 MB
Progress (1): 3.7 MB
Progress (1): 3.7 MB
Progress (1): 3.7 MB
Progress (1): 3.7 MB
Progress (1): 3.7 MB
Progress (1): 3.8 MB
Progress (1): 3.8 MB
Progress (1): 3.8 MB
Progress (1): 3.8 MB
Progress (1): 3.8 MB
Progress (1): 3.8 MB
Progress (1): 3.8 MB
Progress (1): 3.8 MB
Progress (1): 3.8 MB
Progress (1): 3.8 MB
Progress (1): 3.8 MB
Progress (1): 3.8 MB
Progress (1): 3.8 MB
Progress (1): 3.8 MB
Progress (1): 3.8 MB
Progress (1): 3.8 MB
Progress (1): 3.8 MB
Progress (1): 3.8 MB
Progress (1): 3.8 MB
Progress (1): 3.8 MB
Progress (1): 3.8 MB
Progress (1): 3.8 MB
Progress (1): 3.8 MB
Progress (1): 3.8 MB
Progress (1): 3.9 MB
Progress (1): 3.9 MB
Progress (1): 3.9 MB
Progress (1): 3.9 MB
Progress (1): 3.9 MB
Progress (1): 3.9 MB
Progress (1): 3.9 MB
Progress (1): 3.9 MB
Progress (1): 3.9 MB
Progress (1): 3.9 MB
Progress (1): 3.9 MB
Progress (1): 3.9 MB
Progress (1): 3.9 MB
Progress (1): 3.9 MB
Progress (1): 3.9 MB
Progress (1): 3.9 MB
Progress (1): 3.9 MB
Progress (1): 3.9 MB
Progress (1): 3.9 MB
Progress (1): 3.9 MB
Progress (1): 3.9 MB
Progress (1): 3.9 MB
Progress (1): 3.9 MB
Progress (1): 3.9 MB
Progress (1): 3.9 MB
Progress (1): 4.0 MB
Progress (1): 4.0 MB
Progress (1): 4.0 MB
Progress (1): 4.0 MB
Progress (1): 4.0 MB
Progress (1): 4.0 MB
Progress (1): 4.0 MB
Progress (1): 4.0 MB
Progress (1): 4.0 MB
Progress (1): 4.0 MB
Progress (1): 4.0 MB
Progress (1): 4.0 MB
Progress (1): 4.0 MB
Progress (1): 4.0 MB
Progress (1): 4.0 MB
Progress (1): 4.0 MB
Progress (1): 4.0 MB
Progress (1): 4.0 MB
Progress (1): 4.0 MB
Progress (1): 4.0 MB
Progress (1): 4.0 MB
Progress (1): 4.0 MB
Progress (1): 4.0 MB
Progress (1): 4.0 MB
Progress (1): 4.0 MB
Progress (1): 4.1 MB
Progress (1): 4.1 MB
Progress (1): 4.1 MB
Progress (1): 4.1 MB
Progress (1): 4.1 MB
Progress (1): 4.1 MB
Progress (1): 4.1 MB
Progress (1): 4.1 MB
Progress (1): 4.1 MB
Progress (1): 4.1 MB
Progress (1): 4.1 MB
Progress (1): 4.1 MB
Progress (1): 4.1 MB
Progress (1): 4.1 MB
Progress (1): 4.1 MB
Progress (1): 4.1 MB
Progress (1): 4.1 MB
Progress (1): 4.1 MB
Progress (1): 4.1 MB
Progress (1): 4.1 MB
Progress (1): 4.1 MB
Progress (1): 4.1 MB
Progress (1): 4.1 MB
Progress (1): 4.1 MB
Progress (1): 4.2 MB
Progress (1): 4.2 MB
Progress (1): 4.2 MB
Progress (1): 4.2 MB
Progress (1): 4.2 MB
Progress (1): 4.2 MB
Progress (1): 4.2 MB
Progress (1): 4.2 MB
Progress (1): 4.2 MB
Progress (1): 4.2 MB
Progress (1): 4.2 MB
Progress (1): 4.2 MB
Progress (1): 4.2 MB
Progress (1): 4.2 MB
Progress (1): 4.2 MB
Progress (1): 4.2 MB
Progress (1): 4.2 MB
Progress (1): 4.2 MB
Progress (1): 4.2 MB
Progress (1): 4.2 MB
Progress (1): 4.2 MB
Progress (1): 4.2 MB
Progress (1): 4.2 MB
Progress (1): 4.2 MB
Progress (1): 4.2 MB
Progress (1): 4.3 MB
Progress (1): 4.3 MB
Progress (1): 4.3 MB
Progress (1): 4.3 MB
Progress (1): 4.3 MB
Progress (1): 4.3 MB
Progress (1): 4.3 MB
Progress (1): 4.3 MB
Progress (1): 4.3 MB
Progress (1): 4.3 MB
Progress (1): 4.3 MB
Progress (1): 4.3 MB
Progress (1): 4.3 MB
Progress (1): 4.3 MB
Progress (1): 4.3 MB
Progress (1): 4.3 MB
Progress (1): 4.3 MB
Progress (1): 4.3 MB
Progress (1): 4.3 MB
Progress (1): 4.3 MB
Progress (1): 4.3 MB
Progress (1): 4.3 MB
Progress (1): 4.3 MB
Progress (1): 4.3 MB
Progress (1): 4.4 MB
Progress (1): 4.4 MB
Progress (1): 4.4 MB
Progress (1): 4.4 MB
Progress (1): 4.4 MB
Progress (1): 4.4 MB
Progress (1): 4.4 MB
Progress (1): 4.4 MB
Progress (1): 4.4 MB
Progress (1): 4.4 MB
Progress (1): 4.4 MB
Progress (1): 4.4 MB
Progress (1): 4.4 MB
Progress (1): 4.4 MB
Progress (1): 4.4 MB
Progress (1): 4.4 MB
Progress (1): 4.4 MB
Progress (1): 4.4 MB
Progress (1): 4.4 MB
Progress (1): 4.4 MB
Progress (1): 4.4 MB
Progress (1): 4.4 MB
Progress (1): 4.4 MB
Progress (1): 4.4 MB
Progress (1): 4.4 MB
Progress (1): 4.5 MB
Progress (1): 4.5 MB
Progress (1): 4.5 MB
Progress (1): 4.5 MB
Progress (1): 4.5 MB
Progress (1): 4.5 MB
Progress (1): 4.5 MB
Progress (1): 4.5 MB
Progress (1): 4.5 MB
Progress (1): 4.5 MB
Progress (1): 4.5 MB
Progress (1): 4.5 MB
Progress (1): 4.5 MB
Progress (1): 4.5 MB
Progress (1): 4.5 MB
Progress (1): 4.5 MB
Progress (1): 4.5 MB
Progress (1): 4.5 MB
Progress (1): 4.5 MB
Progress (1): 4.5 MB
Progress (1): 4.5 MB
Progress (1): 4.5 MB
Progress (1): 4.5 MB
Progress (1): 4.5 MB
Progress (1): 4.5 MB
Progress (1): 4.6 MB
Progress (1): 4.6 MB
Progress (1): 4.6 MB
Progress (1): 4.6 MB
Progress (1): 4.6 MB
Progress (1): 4.6 MB
Progress (1): 4.6 MB
Progress (1): 4.6 MB
Progress (1): 4.6 MB
Progress (1): 4.6 MB
Progress (1): 4.6 MB
Progress (1): 4.6 MB
Progress (1): 4.6 MB
Progress (1): 4.6 MB
Progress (1): 4.6 MB
Progress (1): 4.6 MB
Progress (1): 4.6 MB
Progress (1): 4.6 MB
Progress (1): 4.6 MB
Progress (1): 4.6 MB
Progress (1): 4.6 MB
Progress (1): 4.6 MB
Progress (1): 4.6 MB
Progress (1): 4.6 MB
Progress (1): 4.7 MB
Progress (1): 4.7 MB
Progress (1): 4.7 MB
Progress (1): 4.7 MB
Progress (1): 4.7 MB
Progress (1): 4.7 MB
Progress (1): 4.7 MB
Progress (1): 4.7 MB
Progress (1): 4.7 MB
Progress (1): 4.7 MB
Progress (1): 4.7 MB
Progress (1): 4.7 MB
Progress (1): 4.7 MB
Progress (1): 4.7 MB
Progress (1): 4.7 MB
Progress (1): 4.7 MB
Progress (1): 4.7 MB
Progress (1): 4.7 MB
Progress (1): 4.7 MB
Progress (1): 4.7 MB
Progress (1): 4.7 MB
Progress (1): 4.7 MB
Progress (1): 4.7 MB
Progress (1): 4.7 MB
Progress (1): 4.7 MB
Progress (1): 4.8 MB
Progress (1): 4.8 MB
Progress (1): 4.8 MB
Progress (1): 4.8 MB
Progress (1): 4.8 MB
Progress (1): 4.8 MB
Progress (1): 4.8 MB
Progress (1): 4.8 MB
Progress (1): 4.8 MB
Progress (1): 4.8 MB
Progress (1): 4.8 MB
Progress (1): 4.8 MB
Progress (1): 4.8 MB
Progress (1): 4.8 MB
Progress (1): 4.8 MB
Progress (1): 4.8 MB
Progress (1): 4.8 MB
Progress (1): 4.8 MB
Progress (1): 4.8 MB
Progress (1): 4.8 MB
Progress (1): 4.8 MB
Progress (1): 4.8 MB
Progress (1): 4.8 MB
Progress (1): 4.8 MB
Progress (1): 4.9 MB
Progress (1): 4.9 MB
Progress (1): 4.9 MB
Progress (1): 4.9 MB
Progress (1): 4.9 MB
Progress (1): 4.9 MB
Progress (1): 4.9 MB
Progress (1): 4.9 MB
Progress (1): 4.9 MB
Progress (1): 4.9 MB
Progress (1): 4.9 MB
Progress (1): 4.9 MB
Progress (1): 4.9 MB
Progress (1): 4.9 MB
Progress (1): 4.9 MB
Progress (1): 4.9 MB
Progress (1): 4.9 MB
Progress (1): 4.9 MB
Progress (1): 4.9 MB
Progress (1): 4.9 MB
Progress (1): 4.9 MB
Progress (1): 4.9 MB
Progress (1): 4.9 MB
Progress (1): 4.9 MB
Progress (1): 5.0 MB
Progress (1): 5.0 MB
Progress (1): 5.0 MB
Progress (1): 5.0 MB
Progress (1): 5.0 MB
Progress (1): 5.0 MB
Progress (1): 5.0 MB
Progress (1): 5.0 MB
Progress (1): 5.0 MB
Progress (1): 5.0 MB
Progress (1): 5.0 MB
Progress (1): 5.0 MB
Progress (1): 5.0 MB
Progress (1): 5.0 MB
Progress (1): 5.0 MB
Progress (1): 5.0 MB
Progress (1): 5.0 MB
Progress (1): 5.0 MB
Progress (1): 5.0 MB
Progress (1): 5.0 MB
Progress (1): 5.0 MB
Progress (1): 5.0 MB
Progress (1): 5.0 MB
Progress (1): 5.0 MB
Progress (1): 5.0 MB
Progress (1): 5.1 MB
Progress (1): 5.1 MB
Progress (1): 5.1 MB
Progress (1): 5.1 MB
Progress (1): 5.1 MB
Progress (1): 5.1 MB
Progress (1): 5.1 MB
Progress (1): 5.1 MB
Progress (1): 5.1 MB
Progress (1): 5.1 MB
Progress (1): 5.1 MB
Progress (1): 5.1 MB
Progress (1): 5.1 MB
Progress (1): 5.1 MB
Progress (1): 5.1 MB
Progress (1): 5.1 MB
Progress (1): 5.1 MB
Progress (1): 5.1 MB
Progress (1): 5.1 MB
Progress (1): 5.1 MB
Progress (1): 5.1 MB
Progress (1): 5.1 MB
Progress (1): 5.1 MB
Progress (1): 5.1 MB
Progress (1): 5.2 MB
Progress (1): 5.2 MB
Progress (1): 5.2 MB
Progress (1): 5.2 MB
Progress (1): 5.2 MB
Progress (1): 5.2 MB
Progress (1): 5.2 MB
Progress (1): 5.2 MB
Progress (1): 5.2 MB
Progress (1): 5.2 MB
Progress (1): 5.2 MB
Progress (1): 5.2 MB
Progress (1): 5.2 MB
Progress (1): 5.2 MB
Progress (1): 5.2 MB
Progress (1): 5.2 MB
Progress (1): 5.2 MB
Progress (1): 5.2 MB
Progress (1): 5.2 MB
Progress (1): 5.2 MB
Progress (1): 5.2 MB
Progress (1): 5.2 MB
Progress (1): 5.2 MB
Progress (1): 5.2 MB
Progress (1): 5.2 MB
Progress (1): 5.3 MB
Progress (1): 5.3 MB
Progress (1): 5.3 MB
Progress (1): 5.3 MB
Progress (1): 5.3 MB
Progress (1): 5.3 MB
Progress (1): 5.3 MB
Progress (1): 5.3 MB
Progress (1): 5.3 MB
Progress (1): 5.3 MB
Progress (1): 5.3 MB
Progress (1): 5.3 MB
Progress (1): 5.3 MB
Progress (1): 5.3 MB
Progress (1): 5.3 MB
Progress (1): 5.3 MB
Progress (1): 5.3 MB
Progress (1): 5.3 MB
Progress (1): 5.3 MB
Progress (1): 5.3 MB
Progress (1): 5.3 MB
Progress (1): 5.3 MB
Progress (1): 5.3 MB
Progress (1): 5.3 MB
Progress (1): 5.4 MB
Progress (1): 5.4 MB
Progress (1): 5.4 MB
Progress (1): 5.4 MB
Progress (1): 5.4 MB
Progress (1): 5.4 MB
Progress (1): 5.4 MB
Progress (1): 5.4 MB
Progress (1): 5.4 MB
Progress (1): 5.4 MB
Progress (1): 5.4 MB
Progress (1): 5.4 MB
Progress (1): 5.4 MB
Progress (1): 5.4 MB
Progress (1): 5.4 MB
Progress (1): 5.4 MB
Progress (1): 5.4 MB
Progress (1): 5.4 MB
Progress (1): 5.4 MB
Progress (1): 5.4 MB
Progress (1): 5.4 MB
Progress (1): 5.4 MB
Progress (1): 5.4 MB
Progress (1): 5.4 MB
Progress (1): 5.4 MB
Progress (1): 5.5 MB
Progress (1): 5.5 MB
Progress (1): 5.5 MB
Progress (1): 5.5 MB
Progress (1): 5.5 MB
Progress (1): 5.5 MB
Progress (1): 5.5 MB
Progress (1): 5.5 MB
Progress (1): 5.5 MB
Progress (1): 5.5 MB
Progress (1): 5.5 MB
Progress (1): 5.5 MB
Progress (1): 5.5 MB
Progress (1): 5.5 MB
Progress (1): 5.5 MB
Progress (1): 5.5 MB
Progress (1): 5.5 MB
Progress (1): 5.5 MB
Progress (1): 5.5 MB
Progress (1): 5.5 MB
Progress (1): 5.5 MB
Progress (1): 5.5 MB
Progress (1): 5.5 MB
Progress (1): 5.5 MB
Progress (1): 5.6 MB
Progress (1): 5.6 MB
Progress (1): 5.6 MB
Progress (1): 5.6 MB
Progress (1): 5.6 MB
Progress (1): 5.6 MB
Progress (1): 5.6 MB
Progress (1): 5.6 MB
Progress (1): 5.6 MB
Progress (1): 5.6 MB
Progress (1): 5.6 MB
Progress (1): 5.6 MB
Progress (1): 5.6 MB
Progress (1): 5.6 MB
Progress (1): 5.6 MB
Progress (1): 5.6 MB
Progress (1): 5.6 MB
Progress (1): 5.6 MB
Progress (1): 5.6 MB
Progress (1): 5.6 MB
Progress (1): 5.6 MB
Progress (1): 5.6 MB
Progress (1): 5.6 MB
Progress (1): 5.6 MB
Progress (1): 5.7 MB
Progress (1): 5.7 MB
Progress (1): 5.7 MB
Progress (1): 5.7 MB
Progress (1): 5.7 MB
Progress (1): 5.7 MB
Progress (1): 5.7 MB
Progress (1): 5.7 MB
Progress (1): 5.7 MB
Progress (1): 5.7 MB
Progress (1): 5.7 MB
Progress (1): 5.7 MB
Progress (1): 5.7 MB
Progress (1): 5.7 MB
Progress (1): 5.7 MB
Progress (1): 5.7 MB
Progress (1): 5.7 MB
Progress (1): 5.7 MB
Progress (1): 5.7 MB
Progress (1): 5.7 MB
Progress (1): 5.7 MB
Progress (1): 5.7 MB
Progress (1): 5.7 MB
Progress (1): 5.7 MB
Progress (1): 5.7 MB
Progress (1): 5.8 MB
Progress (1): 5.8 MB
Progress (1): 5.8 MB
Progress (1): 5.8 MB
Progress (1): 5.8 MB
Progress (1): 5.8 MB
Progress (1): 5.8 MB
Progress (1): 5.8 MB
Progress (1): 5.8 MB
Progress (1): 5.8 MB
Progress (1): 5.8 MB
Progress (1): 5.8 MB
Progress (1): 5.8 MB
Progress (1): 5.8 MB
Progress (1): 5.8 MB
Progress (1): 5.8 MB
Progress (1): 5.8 MB
Progress (1): 5.8 MB
Progress (1): 5.8 MB
Progress (1): 5.8 MB
Progress (1): 5.8 MB
Progress (1): 5.8 MB
Progress (1): 5.8 MB
Progress (1): 5.8 MB
Progress (1): 5.9 MB
Progress (1): 5.9 MB
Progress (1): 5.9 MB
Progress (1): 5.9 MB
Progress (1): 5.9 MB
Progress (1): 5.9 MB
Progress (1): 5.9 MB
Progress (1): 5.9 MB
Progress (1): 5.9 MB
Progress (1): 5.9 MB
Progress (1): 5.9 MB
Progress (1): 5.9 MB
Progress (1): 5.9 MB
Progress (1): 5.9 MB
Progress (1): 5.9 MB
Progress (1): 5.9 MB
Progress (1): 5.9 MB
Progress (1): 5.9 MB
Progress (1): 5.9 MB
Progress (1): 5.9 MB
Progress (1): 5.9 MB
Progress (1): 5.9 MB
Progress (1): 5.9 MB
Progress (1): 5.9 MB
Progress (1): 5.9 MB
Progress (1): 6.0 MB
Progress (1): 6.0 MB
Progress (1): 6.0 MB
Progress (1): 6.0 MB
Progress (1): 6.0 MB
Progress (1): 6.0 MB
Progress (1): 6.0 MB
Progress (1): 6.0 MB
Progress (1): 6.0 MB
Progress (1): 6.0 MB
Progress (1): 6.0 MB
Progress (1): 6.0 MB
Progress (1): 6.0 MB
Progress (1): 6.0 MB
Progress (1): 6.0 MB
Progress (1): 6.0 MB
Progress (1): 6.0 MB
Progress (1): 6.0 MB
Progress (1): 6.0 MB
Progress (1): 6.0 MB
Progress (1): 6.0 MB
Progress (1): 6.0 MB
Progress (1): 6.0 MB
Progress (1): 6.0 MB
Progress (1): 6.1 MB
Progress (1): 6.1 MB
Progress (1): 6.1 MB
Progress (1): 6.1 MB
Progress (1): 6.1 MB
Progress (1): 6.1 MB
Progress (1): 6.1 MB
Progress (1): 6.1 MB
Progress (1): 6.1 MB
Progress (1): 6.1 MB
Progress (1): 6.1 MB
Progress (1): 6.1 MB
Progress (1): 6.1 MB
Progress (1): 6.1 MB
Progress (1): 6.1 MB
Progress (1): 6.1 MB
Progress (1): 6.1 MB
Progress (1): 6.1 MB
Progress (1): 6.1 MB
Progress (1): 6.1 MB
Progress (1): 6.1 MB
Progress (1): 6.1 MB
Progress (1): 6.1 MB
Progress (1): 6.1 MB
Progress (1): 6.2 MB
Progress (1): 6.2 MB
Progress (1): 6.2 MB
Progress (1): 6.2 MB
Progress (1): 6.2 MB
Progress (1): 6.2 MB
Progress (1): 6.2 MB
Progress (1): 6.2 MB
Progress (1): 6.2 MB
Progress (1): 6.2 MB
Progress (1): 6.2 MB
Progress (1): 6.2 MB
Progress (1): 6.2 MB
Progress (1): 6.2 MB
Progress (1): 6.2 MB
Progress (1): 6.2 MB
Progress (1): 6.2 MB
Progress (1): 6.2 MB
Progress (1): 6.2 MB
Progress (1): 6.2 MB
Progress (1): 6.2 MB
Progress (1): 6.2 MB
Progress (1): 6.2 MB
Progress (1): 6.2 MB
Progress (1): 6.2 MB
Progress (1): 6.3 MB
Progress (1): 6.3 MB
Progress (1): 6.3 MB
Progress (1): 6.3 MB
Progress (1): 6.3 MB
Progress (1): 6.3 MB
Progress (1): 6.3 MB
Progress (1): 6.3 MB
Progress (1): 6.3 MB
Progress (1): 6.3 MB
Progress (1): 6.3 MB
Progress (1): 6.3 MB
Progress (1): 6.3 MB
Progress (1): 6.3 MB
Progress (1): 6.3 MB
Progress (1): 6.3 MB
Progress (1): 6.3 MB
Progress (1): 6.3 MB
Progress (1): 6.3 MB
Progress (1): 6.3 MB
Progress (1): 6.3 MB
Progress (1): 6.3 MB
Progress (1): 6.3 MB
Progress (1): 6.3 MB
Progress (1): 6.4 MB
Progress (1): 6.4 MB
Progress (1): 6.4 MB
Progress (1): 6.4 MB
Progress (1): 6.4 MB
Progress (1): 6.4 MB
Progress (1): 6.4 MB
Progress (1): 6.4 MB
Progress (1): 6.4 MB
Progress (1): 6.4 MB
Progress (1): 6.4 MB
Progress (1): 6.4 MB
Progress (1): 6.4 MB
Progress (1): 6.4 MB
Progress (1): 6.4 MB
Progress (1): 6.4 MB
Progress (1): 6.4 MB
Progress (1): 6.4 MB
Progress (1): 6.4 MB
Progress (1): 6.4 MB
Progress (1): 6.4 MB
Progress (1): 6.4 MB
Progress (1): 6.4 MB
Progress (1): 6.4 MB
Progress (1): 6.4 MB
Progress (1): 6.5 MB
Progress (1): 6.5 MB
Progress (1): 6.5 MB
Progress (1): 6.5 MB
Progress (1): 6.5 MB
Progress (1): 6.5 MB
Progress (1): 6.5 MB
Progress (1): 6.5 MB
Progress (1): 6.5 MB
Progress (1): 6.5 MB
Progress (1): 6.5 MB
Progress (1): 6.5 MB
Progress (1): 6.5 MB
Progress (1): 6.5 MB
Progress (1): 6.5 MB
Progress (1): 6.5 MB
Progress (1): 6.5 MB
Progress (1): 6.5 MB
Progress (1): 6.5 MB
Progress (1): 6.5 MB
Progress (1): 6.5 MB
Progress (1): 6.5 MB
Progress (1): 6.5 MB
Progress (1): 6.5 MB
Progress (1): 6.6 MB
Progress (1): 6.6 MB
Progress (1): 6.6 MB
Progress (1): 6.6 MB
Progress (1): 6.6 MB
Progress (1): 6.6 MB
Progress (1): 6.6 MB
Progress (1): 6.6 MB
Progress (1): 6.6 MB
Progress (1): 6.6 MB
Progress (1): 6.6 MB
Progress (1): 6.6 MB
Progress (1): 6.6 MB
Progress (1): 6.6 MB
Progress (1): 6.6 MB
Progress (1): 6.6 MB
Progress (1): 6.6 MB
Progress (1): 6.6 MB
Progress (1): 6.6 MB
Progress (1): 6.6 MB
Progress (1): 6.6 MB
Progress (1): 6.6 MB
Progress (1): 6.6 MB
Progress (1): 6.6 MB
Progress (1): 6.6 MB
Progress (1): 6.7 MB
Progress (1): 6.7 MB
Progress (1): 6.7 MB
Progress (1): 6.7 MB
Progress (1): 6.7 MB
Progress (1): 6.7 MB
Progress (1): 6.7 MB
Progress (1): 6.7 MB
Progress (1): 6.7 MB
Progress (1): 6.7 MB
Progress (1): 6.7 MB
Progress (1): 6.7 MB
Progress (1): 6.7 MB
Progress (1): 6.7 MB
Progress (1): 6.7 MB
Progress (1): 6.7 MB
Progress (1): 6.7 MB
Progress (1): 6.7 MB
Progress (1): 6.7 MB
Progress (1): 6.7 MB
Progress (1): 6.7 MB
Progress (1): 6.7 MB
Progress (1): 6.7 MB
Progress (1): 6.7 MB
Progress (1): 6.8 MB
Progress (1): 6.8 MB
Progress (1): 6.8 MB
Progress (1): 6.8 MB
Progress (1): 6.8 MB
Progress (1): 6.8 MB
Progress (1): 6.8 MB
Progress (1): 6.8 MB
Progress (1): 6.8 MB
Progress (1): 6.8 MB
Progress (1): 6.8 MB
Progress (1): 6.8 MB
Progress (1): 6.8 MB
Progress (1): 6.8 MB
Progress (1): 6.8 MB
Progress (1): 6.8 MB
Progress (1): 6.8 MB
Progress (1): 6.8 MB
Progress (1): 6.8 MB
Progress (1): 6.8 MB
Progress (1): 6.8 MB
Progress (1): 6.8 MB
Progress (1): 6.8 MB
Progress (1): 6.8 MB
Progress (1): 6.9 MB
Progress (1): 6.9 MB
Progress (1): 6.9 MB
Progress (1): 6.9 MB
Progress (1): 6.9 MB
Progress (1): 6.9 MB
Progress (1): 6.9 MB
Progress (1): 6.9 MB
Progress (1): 6.9 MB
Progress (1): 6.9 MB
Progress (1): 6.9 MB
Progress (1): 6.9 MB
Progress (1): 6.9 MB
Progress (1): 6.9 MB
Progress (1): 6.9 MB
Progress (1): 6.9 MB
Progress (1): 6.9 MB
Progress (1): 6.9 MB
Progress (1): 6.9 MB
Progress (1): 6.9 MB
Progress (1): 6.9 MB
Progress (1): 6.9 MB
Progress (1): 6.9 MB
Progress (1): 6.9 MB
Progress (1): 6.9 MB
Progress (1): 7.0 MB
Progress (1): 7.0 MB
Progress (1): 7.0 MB
Progress (1): 7.0 MB
Progress (1): 7.0 MB
Progress (1): 7.0 MB
Progress (1): 7.0 MB
Progress (1): 7.0 MB
Progress (1): 7.0 MB
Progress (1): 7.0 MB
Progress (1): 7.0 MB
Progress (1): 7.0 MB
Progress (1): 7.0 MB
Progress (1): 7.0 MB
Progress (1): 7.0 MB
Progress (1): 7.0 MB
Progress (1): 7.0 MB
Progress (1): 7.0 MB
Progress (1): 7.0 MB
Progress (1): 7.0 MB
Progress (1): 7.0 MB
Progress (1): 7.0 MB
Progress (1): 7.0 MB
Progress (1): 7.0 MB
Progress (1): 7.1 MB
Progress (1): 7.1 MB
Progress (1): 7.1 MB
Progress (1): 7.1 MB
Progress (1): 7.1 MB
Progress (1): 7.1 MB
Progress (1): 7.1 MB
Progress (1): 7.1 MB
Progress (1): 7.1 MB
Progress (1): 7.1 MB
Progress (1): 7.1 MB
Progress (1): 7.1 MB
Progress (1): 7.1 MB
Progress (1): 7.1 MB
Progress (1): 7.1 MB
Progress (1): 7.1 MB
Progress (1): 7.1 MB
Progress (1): 7.1 MB
Progress (1): 7.1 MB
Progress (1): 7.1 MB
Progress (1): 7.1 MB
Progress (1): 7.1 MB
Progress (1): 7.1 MB
Progress (1): 7.1 MB
Progress (1): 7.1 MB
Progress (1): 7.2 MB
Progress (1): 7.2 MB
Progress (1): 7.2 MB
Progress (1): 7.2 MB
Progress (1): 7.2 MB
Progress (1): 7.2 MB
Progress (1): 7.2 MB
Progress (1): 7.2 MB
Progress (1): 7.2 MB
Progress (1): 7.2 MB
Progress (1): 7.2 MB
Progress (1): 7.2 MB
Progress (1): 7.2 MB
Progress (1): 7.2 MB
Progress (1): 7.2 MB
Progress (1): 7.2 MB
Progress (1): 7.2 MB
Progress (1): 7.2 MB
Progress (1): 7.2 MB
Progress (1): 7.2 MB
Progress (1): 7.2 MB
Progress (1): 7.2 MB
Progress (1): 7.2 MB
Progress (1): 7.2 MB
Progress (1): 7.3 MB
Progress (1): 7.3 MB
Progress (1): 7.3 MB
Progress (1): 7.3 MB
Progress (1): 7.3 MB
Progress (1): 7.3 MB
Progress (1): 7.3 MB
Progress (1): 7.3 MB
Progress (1): 7.3 MB
Progress (1): 7.3 MB
Progress (1): 7.3 MB
Progress (1): 7.3 MB
Progress (1): 7.3 MB
Progress (1): 7.3 MB
Progress (1): 7.3 MB
Progress (1): 7.3 MB
Progress (1): 7.3 MB
Progress (1): 7.3 MB
Progress (1): 7.3 MB
Progress (1): 7.3 MB
Progress (1): 7.3 MB
Progress (1): 7.3 MB
Progress (1): 7.3 MB
Progress (1): 7.3 MB
Progress (1): 7.4 MB
Progress (1): 7.4 MB
Progress (1): 7.4 MB
Progress (1): 7.4 MB
Progress (1): 7.4 MB
Progress (1): 7.4 MB
Progress (1): 7.4 MB
Progress (1): 7.4 MB
Progress (1): 7.4 MB
Progress (1): 7.4 MB
Progress (1): 7.4 MB
Progress (1): 7.4 MB
Progress (1): 7.4 MB
Progress (1): 7.4 MB
Progress (1): 7.4 MB
Progress (1): 7.4 MB
Progress (1): 7.4 MB
Progress (1): 7.4 MB
Progress (1): 7.4 MB
Progress (1): 7.4 MB
Progress (1): 7.4 MB
Progress (1): 7.4 MB
Progress (1): 7.4 MB
Progress (1): 7.4 MB
Progress (1): 7.4 MB
Progress (1): 7.5 MB
Progress (1): 7.5 MB
Progress (1): 7.5 MB
Progress (1): 7.5 MB
Progress (1): 7.5 MB
Progress (1): 7.5 MB
Progress (1): 7.5 MB
Progress (1): 7.5 MB
Progress (1): 7.5 MB
Progress (1): 7.5 MB
Progress (1): 7.5 MB
Progress (1): 7.5 MB
Progress (1): 7.5 MB
Progress (1): 7.5 MB
Progress (1): 7.5 MB
Progress (1): 7.5 MB
Progress (1): 7.5 MB
Progress (1): 7.5 MB
Progress (1): 7.5 MB
Progress (1): 7.5 MB
Progress (1): 7.5 MB
Progress (1): 7.5 MB
Progress (1): 7.5 MB
Progress (1): 7.5 MB
Progress (1): 7.6 MB
Progress (1): 7.6 MB
Progress (1): 7.6 MB
Progress (1): 7.6 MB
Progress (1): 7.6 MB
Progress (1): 7.6 MB
Progress (1): 7.6 MB
Progress (1): 7.6 MB
Progress (1): 7.6 MB
Progress (1): 7.6 MB
Progress (1): 7.6 MB
Progress (1): 7.6 MB
Progress (1): 7.6 MB
Progress (1): 7.6 MB
Progress (1): 7.6 MB
Progress (1): 7.6 MB
Progress (1): 7.6 MB
Progress (1): 7.6 MB
Progress (1): 7.6 MB
Progress (1): 7.6 MB
Progress (1): 7.6 MB
Progress (1): 7.6 MB
Progress (1): 7.6 MB
Progress (1): 7.6 MB
Progress (1): 7.6 MB
Progress (1): 7.7 MB
Progress (1): 7.7 MB
Progress (1): 7.7 MB
Progress (1): 7.7 MB
Progress (1): 7.7 MB
Progress (1): 7.7 MB
Progress (1): 7.7 MB
Progress (1): 7.7 MB
Progress (1): 7.7 MB
Progress (1): 7.7 MB
Progress (1): 7.7 MB
Progress (1): 7.7 MB
Progress (1): 7.7 MB
Progress (1): 7.7 MB
Progress (1): 7.7 MB
Progress (1): 7.7 MB
Progress (1): 7.7 MB
Progress (1): 7.7 MB
Progress (1): 7.7 MB
Progress (1): 7.7 MB
Progress (1): 7.7 MB
Progress (1): 7.7 MB
Progress (1): 7.7 MB
Progress (1): 7.7 MB
Progress (1): 7.8 MB
Progress (1): 7.8 MB
Progress (1): 7.8 MB
Progress (1): 7.8 MB
Progress (1): 7.8 MB
Progress (1): 7.8 MB
Progress (1): 7.8 MB
Progress (1): 7.8 MB
Progress (1): 7.8 MB
Progress (1): 7.8 MB
Progress (1): 7.8 MB
Progress (1): 7.8 MB
Progress (1): 7.8 MB
Progress (1): 7.8 MB
Progress (1): 7.8 MB
Progress (1): 7.8 MB
Progress (1): 7.8 MB
Progress (1): 7.8 MB
Progress (1): 7.8 MB
Progress (1): 7.8 MB
Progress (1): 7.8 MB
Progress (1): 7.8 MB
Progress (1): 7.8 MB
Progress (1): 7.8 MB
Progress (1): 7.8 MB
Progress (1): 7.9 MB
Progress (1): 7.9 MB
Progress (1): 7.9 MB
Progress (1): 7.9 MB
Progress (1): 7.9 MB
Progress (1): 7.9 MB
Progress (1): 7.9 MB
Progress (1): 7.9 MB
Progress (1): 7.9 MB
Progress (1): 7.9 MB
Progress (1): 7.9 MB
Progress (1): 7.9 MB
Progress (1): 7.9 MB
Progress (1): 7.9 MB
Progress (1): 7.9 MB
Progress (1): 7.9 MB
Progress (1): 7.9 MB
Progress (1): 7.9 MB
Progress (1): 7.9 MB
Progress (1): 7.9 MB
Progress (1): 7.9 MB
Progress (1): 7.9 MB
Progress (1): 7.9 MB
Progress (1): 7.9 MB
Progress (1): 8.0 MB
Progress (1): 8.0 MB
Progress (1): 8.0 MB
Progress (1): 8.0 MB
Progress (1): 8.0 MB
Progress (1): 8.0 MB
Progress (1): 8.0 MB
Progress (1): 8.0 MB
Progress (1): 8.0 MB
Progress (1): 8.0 MB
Progress (1): 8.0 MB
Progress (1): 8.0 MB
Progress (1): 8.0 MB
Progress (1): 8.0 MB
Progress (1): 8.0 MB
Progress (1): 8.0 MB
Progress (1): 8.0 MB
Progress (1): 8.0 MB
Progress (1): 8.0 MB
Progress (1): 8.0 MB
Progress (1): 8.0 MB
Progress (1): 8.0 MB
Progress (1): 8.0 MB
Progress (1): 8.0 MB
Progress (1): 8.1 MB
Progress (1): 8.1 MB
Progress (1): 8.1 MB
Progress (1): 8.1 MB
Progress (1): 8.1 MB
Progress (1): 8.1 MB
Progress (1): 8.1 MB
Progress (1): 8.1 MB
Progress (1): 8.1 MB
Progress (1): 8.1 MB
Progress (1): 8.1 MB
Progress (1): 8.1 MB
Progress (1): 8.1 MB
Progress (1): 8.1 MB
Progress (1): 8.1 MB
Progress (1): 8.1 MB
Progress (1): 8.1 MB
Progress (1): 8.1 MB
Progress (1): 8.1 MB
Progress (1): 8.1 MB
Progress (1): 8.1 MB
Progress (1): 8.1 MB
Progress (1): 8.1 MB
Progress (1): 8.1 MB
Progress (1): 8.1 MB
Progress (1): 8.2 MB
Progress (1): 8.2 MB
Progress (1): 8.2 MB
Progress (1): 8.2 MB
Progress (1): 8.2 MB
Progress (1): 8.2 MB
Progress (1): 8.2 MB
Progress (1): 8.2 MB
Progress (1): 8.2 MB
Progress (1): 8.2 MB
Progress (1): 8.2 MB
Progress (1): 8.2 MB
Progress (1): 8.2 MB
Progress (1): 8.2 MB
Progress (1): 8.2 MB
Progress (1): 8.2 MB
Progress (1): 8.2 MB
Progress (1): 8.2 MB
Progress (1): 8.2 MB
Progress (1): 8.2 MB
Progress (1): 8.2 MB
Progress (1): 8.2 MB
Progress (1): 8.2 MB
Progress (1): 8.2 MB
Progress (1): 8.3 MB
Progress (1): 8.3 MB
Progress (1): 8.3 MB
Progress (1): 8.3 MB
Progress (1): 8.3 MB
Progress (1): 8.3 MB
Progress (1): 8.3 MB
Progress (1): 8.3 MB
Progress (1): 8.3 MB
Progress (1): 8.3 MB
Progress (1): 8.3 MB
Progress (1): 8.3 MB
Progress (1): 8.3 MB
Progress (1): 8.3 MB
Progress (1): 8.3 MB
Progress (1): 8.3 MB
Progress (1): 8.3 MB
Progress (1): 8.3 MB
Progress (1): 8.3 MB
Progress (1): 8.3 MB
Progress (1): 8.3 MB
Progress (1): 8.3 MB
Progress (1): 8.3 MB
Progress (1): 8.3 MB
Progress (1): 8.3 MB
Progress (1): 8.4 MB
Progress (1): 8.4 MB
Progress (1): 8.4 MB
Progress (1): 8.4 MB
Progress (1): 8.4 MB
Progress (1): 8.4 MB
Progress (1): 8.4 MB
Progress (1): 8.4 MB
Progress (1): 8.4 MB
Progress (1): 8.4 MB
Progress (1): 8.4 MB
Progress (1): 8.4 MB
Progress (1): 8.4 MB
Progress (1): 8.4 MB
Progress (1): 8.4 MB
Progress (1): 8.4 MB
Progress (1): 8.4 MB
Progress (1): 8.4 MB
Progress (1): 8.4 MB
Progress (1): 8.4 MB
Progress (1): 8.4 MB
Progress (1): 8.4 MB
Progress (1): 8.4 MB
Progress (1): 8.4 MB
Progress (1): 8.5 MB
Progress (1): 8.5 MB
Progress (1): 8.5 MB
Progress (1): 8.5 MB
Progress (1): 8.5 MB
Progress (1): 8.5 MB
Progress (1): 8.5 MB
Progress (1): 8.5 MB
Progress (1): 8.5 MB
Progress (1): 8.5 MB
Progress (1): 8.5 MB
Progress (1): 8.5 MB
Progress (1): 8.5 MB
Progress (1): 8.5 MB
Progress (1): 8.5 MB
Progress (1): 8.5 MB
Progress (1): 8.5 MB
Progress (1): 8.5 MB
Progress (1): 8.5 MB
Progress (1): 8.5 MB
Progress (1): 8.5 MB
Progress (1): 8.5 MB
Progress (1): 8.5 MB
Progress (1): 8.5 MB
Progress (1): 8.6 MB
Progress (1): 8.6 MB
Progress (1): 8.6 MB
Progress (1): 8.6 MB
Progress (1): 8.6 MB
Progress (1): 8.6 MB
Progress (1): 8.6 MB
Progress (1): 8.6 MB
Progress (1): 8.6 MB
Progress (1): 8.6 MB
Progress (1): 8.6 MB
Progress (1): 8.6 MB
Progress (1): 8.6 MB
Progress (1): 8.6 MB
Progress (1): 8.6 MB
Progress (1): 8.6 MB
Progress (1): 8.6 MB
Progress (1): 8.6 MB
Progress (1): 8.6 MB
Progress (1): 8.6 MB
Progress (1): 8.6 MB
Progress (1): 8.6 MB
Progress (1): 8.6 MB
Progress (1): 8.6 MB
Progress (1): 8.6 MB
Progress (1): 8.7 MB
Progress (1): 8.7 MB
Progress (1): 8.7 MB
Progress (1): 8.7 MB
Progress (1): 8.7 MB
Progress (1): 8.7 MB
Progress (1): 8.7 MB
Progress (1): 8.7 MB
Progress (1): 8.7 MB
Progress (1): 8.7 MB
Progress (1): 8.7 MB
Progress (1): 8.7 MB
Progress (1): 8.7 MB
Progress (1): 8.7 MB
Progress (1): 8.7 MB
Progress (1): 8.7 MB
Progress (1): 8.7 MB
Progress (1): 8.7 MB
Progress (1): 8.7 MB
Progress (1): 8.7 MB
Progress (1): 8.7 MB
Progress (1): 8.7 MB
Progress (1): 8.7 MB
Progress (1): 8.7 MB
Progress (1): 8.8 MB
Progress (1): 8.8 MB
Progress (1): 8.8 MB
Progress (1): 8.8 MB
Progress (1): 8.8 MB
Progress (1): 8.8 MB
Progress (1): 8.8 MB
Progress (1): 8.8 MB
Progress (1): 8.8 MB
Progress (1): 8.8 MB
Progress (1): 8.8 MB
Progress (1): 8.8 MB
Progress (1): 8.8 MB
Progress (1): 8.8 MB
Progress (1): 8.8 MB
Progress (1): 8.8 MB
Progress (1): 8.8 MB
Progress (1): 8.8 MB
Progress (1): 8.8 MB
Progress (1): 8.8 MB
Progress (1): 8.8 MB
Progress (1): 8.8 MB
Progress (1): 8.8 MB
Progress (1): 8.8 MB
Progress (1): 8.8 MB
Progress (1): 8.9 MB
Progress (1): 8.9 MB
Progress (1): 8.9 MB
Progress (1): 8.9 MB
Progress (1): 8.9 MB
Progress (1): 8.9 MB
Progress (1): 8.9 MB
Progress (1): 8.9 MB
Progress (1): 8.9 MB
Progress (1): 8.9 MB
Progress (1): 8.9 MB
Progress (1): 8.9 MB
Progress (1): 8.9 MB
Progress (1): 8.9 MB
Progress (1): 8.9 MB
Progress (1): 8.9 MB
Progress (1): 8.9 MB
Progress (1): 8.9 MB
Progress (1): 8.9 MB
Progress (1): 8.9 MB
Progress (1): 8.9 MB
Progress (1): 8.9 MB
Progress (1): 8.9 MB
Progress (1): 8.9 MB
Progress (1): 9.0 MB
Progress (1): 9.0 MB
Progress (1): 9.0 MB
Progress (1): 9.0 MB
Progress (1): 9.0 MB
Progress (1): 9.0 MB
Progress (1): 9.0 MB
Progress (1): 9.0 MB
Progress (1): 9.0 MB
Progress (1): 9.0 MB
Progress (1): 9.0 MB
Progress (1): 9.0 MB
Progress (1): 9.0 MB
Progress (1): 9.0 MB
Progress (1): 9.0 MB
Progress (1): 9.0 MB
Progress (1): 9.0 MB
Progress (1): 9.0 MB
Progress (1): 9.0 MB
Progress (1): 9.0 MB
Progress (1): 9.0 MB
Progress (1): 9.0 MB
Progress (1): 9.0 MB
Progress (1): 9.0 MB
Progress (1): 9.1 MB
Progress (1): 9.1 MB
Progress (1): 9.1 MB
Progress (1): 9.1 MB
Progress (1): 9.1 MB
Progress (1): 9.1 MB
Progress (1): 9.1 MB
Progress (1): 9.1 MB
Progress (1): 9.1 MB
Progress (1): 9.1 MB
Progress (1): 9.1 MB
Progress (1): 9.1 MB
Progress (1): 9.1 MB
Progress (1): 9.1 MB
Progress (1): 9.1 MB
Progress (1): 9.1 MB
Progress (1): 9.1 MB
Progress (1): 9.1 MB
Progress (1): 9.1 MB
Progress (1): 9.1 MB
Progress (1): 9.1 MB
Progress (1): 9.1 MB
Progress (1): 9.1 MB
Progress (1): 9.1 MB
Progress (1): 9.1 MB
Progress (1): 9.2 MB
Progress (1): 9.2 MB
Progress (1): 9.2 MB
Progress (1): 9.2 MB
Progress (1): 9.2 MB
Progress (1): 9.2 MB
Progress (1): 9.2 MB
Progress (1): 9.2 MB
Progress (1): 9.2 MB
Progress (1): 9.2 MB
Progress (1): 9.2 MB
Progress (1): 9.2 MB
Progress (1): 9.2 MB
Progress (1): 9.2 MB
Progress (1): 9.2 MB
Progress (1): 9.2 MB
Progress (1): 9.2 MB
Progress (1): 9.2 MB
Progress (1): 9.2 MB
Progress (1): 9.2 MB
Progress (1): 9.2 MB
Progress (1): 9.2 MB
Progress (1): 9.2 MB
Progress (1): 9.2 MB
Progress (1): 9.3 MB
Progress (1): 9.3 MB
Progress (1): 9.3 MB
Progress (1): 9.3 MB
Progress (1): 9.3 MB
Progress (1): 9.3 MB
Progress (1): 9.3 MB
Progress (1): 9.3 MB
Progress (1): 9.3 MB
Progress (1): 9.3 MB
Progress (1): 9.3 MB
Progress (1): 9.3 MB
Progress (1): 9.3 MB
Progress (1): 9.3 MB
Progress (1): 9.3 MB
Progress (1): 9.3 MB
Progress (1): 9.3 MB
Progress (1): 9.3 MB
Progress (1): 9.3 MB
Progress (1): 9.3 MB
Progress (1): 9.3 MB
Progress (1): 9.3 MB
Progress (1): 9.3 MB
Progress (1): 9.3 MB
Progress (1): 9.3 MB
Progress (1): 9.4 MB
Progress (1): 9.4 MB
Progress (1): 9.4 MB
Progress (1): 9.4 MB
Progress (1): 9.4 MB
Progress (1): 9.4 MB
Progress (1): 9.4 MB
Progress (1): 9.4 MB
Progress (1): 9.4 MB
Progress (1): 9.4 MB
Progress (1): 9.4 MB
Progress (1): 9.4 MB
Progress (1): 9.4 MB
Progress (1): 9.4 MB
Progress (1): 9.4 MB
Progress (1): 9.4 MB
Progress (1): 9.4 MB
Progress (1): 9.4 MB
Progress (1): 9.4 MB
Progress (1): 9.4 MB
Progress (1): 9.4 MB
Progress (1): 9.4 MB
Progress (1): 9.4 MB
Progress (1): 9.4 MB
Progress (1): 9.5 MB
Progress (1): 9.5 MB
Progress (1): 9.5 MB
Progress (1): 9.5 MB
Progress (1): 9.5 MB
Progress (1): 9.5 MB
Progress (1): 9.5 MB
Progress (1): 9.5 MB
Progress (1): 9.5 MB
Progress (1): 9.5 MB
Progress (1): 9.5 MB
Progress (1): 9.5 MB
Progress (1): 9.5 MB
Progress (1): 9.5 MB
Progress (1): 9.5 MB
Progress (1): 9.5 MB
Progress (1): 9.5 MB
Progress (1): 9.5 MB
Progress (1): 9.5 MB
Progress (1): 9.5 MB
Progress (1): 9.5 MB
Progress (1): 9.5 MB
Progress (1): 9.5 MB
Progress (1): 9.5 MB
Progress (1): 9.5 MB
Progress (1): 9.6 MB
Progress (1): 9.6 MB
Progress (1): 9.6 MB
Progress (1): 9.6 MB
Progress (1): 9.6 MB
Progress (1): 9.6 MB
Progress (1): 9.6 MB
Progress (1): 9.6 MB
Progress (1): 9.6 MB
Progress (1): 9.6 MB
Progress (1): 9.6 MB
Progress (1): 9.6 MB
Progress (1): 9.6 MB
Progress (1): 9.6 MB
Progress (1): 9.6 MB
Progress (1): 9.6 MB
Progress (1): 9.6 MB
Progress (1): 9.6 MB
Progress (1): 9.6 MB
Progress (1): 9.6 MB
Progress (1): 9.6 MB
Progress (1): 9.6 MB
Progress (1): 9.6 MB
Progress (1): 9.6 MB
Progress (1): 9.7 MB
Progress (1): 9.7 MB
Progress (1): 9.7 MB
Progress (1): 9.7 MB
Progress (1): 9.7 MB
Progress (1): 9.7 MB
Progress (1): 9.7 MB
Progress (1): 9.7 MB
Progress (1): 9.7 MB
Progress (1): 9.7 MB
Progress (1): 9.7 MB
Progress (1): 9.7 MB
Progress (1): 9.7 MB
Progress (1): 9.7 MB
Progress (1): 9.7 MB
Progress (1): 9.7 MB
Progress (1): 9.7 MB
Progress (1): 9.7 MB
Progress (1): 9.7 MB
Progress (1): 9.7 MB
Progress (1): 9.7 MB
Progress (1): 9.7 MB
Progress (1): 9.7 MB
Progress (1): 9.7 MB
Progress (1): 9.8 MB
Progress (1): 9.8 MB
Progress (1): 9.8 MB
Progress (1): 9.8 MB
Progress (1): 9.8 MB
Progress (1): 9.8 MB
Progress (1): 9.8 MB
Progress (1): 9.8 MB
Progress (1): 9.8 MB
Progress (1): 9.8 MB
Progress (1): 9.8 MB
Progress (1): 9.8 MB
Progress (1): 9.8 MB
Progress (1): 9.8 MB
Progress (1): 9.8 MB
Progress (1): 9.8 MB
Progress (1): 9.8 MB
Progress (1): 9.8 MB
Progress (1): 9.8 MB
Progress (1): 9.8 MB
Progress (1): 9.8 MB
Progress (1): 9.8 MB
Progress (1): 9.8 MB
Progress (1): 9.8 MB
Progress (1): 9.8 MB
Progress (1): 9.9 MB
Progress (1): 9.9 MB
Progress (1): 9.9 MB
Progress (1): 9.9 MB
Progress (1): 9.9 MB
Progress (1): 9.9 MB
Progress (1): 9.9 MB
Progress (1): 9.9 MB
Progress (1): 9.9 MB
Progress (1): 9.9 MB
Progress (1): 9.9 MB
Progress (1): 9.9 MB
Progress (1): 9.9 MB
Progress (1): 9.9 MB
Progress (1): 9.9 MB
Progress (1): 9.9 MB
Progress (1): 9.9 MB
Progress (1): 9.9 MB
Progress (1): 9.9 MB
Progress (1): 9.9 MB
Progress (1): 9.9 MB
Progress (1): 9.9 MB
Progress (1): 9.9 MB
Progress (1): 9.9 MB
Progress (1): 10.0 MB
Progress (1): 10.0 MB
Progress (1): 10.0 MB
Progress (1): 10.0 MB
Progress (1): 10.0 MB
Progress (1): 10.0 MB
Progress (1): 10.0 MB
Progress (1): 10.0 MB
Progress (1): 10.0 MB
Progress (1): 10.0 MB
Progress (1): 10.0 MB
Progress (1): 10.0 MB
Progress (1): 10 MB  
Progress (1): 10 MB
Progress (1): 10 MB
Progress (1): 10 MB
Progress (1): 10 MB
Progress (1): 10 MB
Progress (1): 10 MB
Progress (1): 10 MB
Progress (1): 10 MB
Progress (1): 10 MB
Progress (1): 10 MB
Progress (1): 10 MB
Progress (1): 10 MB
Progress (1): 10 MB
Progress (1): 10 MB
Progress (1): 10 MB
Progress (1): 10 MB
Progress (1): 10 MB
Progress (1): 10 MB
Progress (1): 10 MB
Progress (1): 10 MB
Progress (1): 10 MB
Progress (1): 10 MB
Progress (1): 10 MB
Progress (1): 10 MB
Progress (1): 10 MB
Progress (1): 10 MB
Progress (1): 10 MB
Progress (1): 10 MB
Progress (1): 10 MB
Progress (1): 10 MB
Progress (1): 10 MB
Progress (1): 10 MB
Progress (1): 10 MB
Progress (1): 10 MB
Progress (1): 10 MB
Progress (1): 10 MB
Progress (1): 10 MB
Progress (1): 10 MB
Progress (1): 10 MB
Progress (1): 10 MB
Progress (1): 10 MB
Progress (1): 10 MB
Progress (1): 10 MB
Progress (1): 10 MB
Progress (1): 10 MB
Progress (1): 10 MB
Progress (1): 10 MB
Progress (1): 10 MB
Progress (1): 10 MB
Progress (1): 10 MB
Progress (1): 10 MB
Progress (1): 10 MB
Progress (1): 10 MB
Progress (1): 10 MB
Progress (1): 10 MB
Progress (1): 10 MB
Progress (1): 10 MB
Progress (1): 10 MB
Progress (1): 10 MB
Progress (1): 10 MB
Progress (1): 10 MB
Progress (1): 10 MB
Progress (1): 10 MB
Progress (1): 10 MB
Progress (1): 10 MB
Progress (1): 10 MB
Progress (1): 10 MB
Progress (1): 10 MB
Progress (1): 10 MB
Progress (1): 10 MB
Progress (1): 10 MB
Progress (1): 10 MB
Progress (1): 10 MB
Progress (1): 10 MB
Progress (1): 10 MB
Progress (1): 10 MB
Progress (1): 10 MB
Progress (1): 10 MB
Progress (1): 10 MB
Progress (1): 10 MB
Progress (1): 10 MB
Progress (1): 10 MB
Progress (1): 10 MB
Progress (1): 10 MB
Progress (1): 10 MB
Progress (1): 10 MB
Progress (1): 10 MB
Progress (1): 10 MB
Progress (1): 10 MB
Progress (1): 10 MB
Progress (1): 10 MB
Progress (1): 10 MB
Progress (1): 10 MB
Progress (1): 10 MB
Progress (1): 10 MB
Progress (1): 10 MB
Progress (1): 10 MB
Progress (1): 10 MB
Progress (1): 10 MB
Progress (1): 10 MB
Progress (1): 10 MB
Progress (1): 10 MB
Progress (1): 10 MB
Progress (1): 10 MB
Progress (1): 10 MB
Progress (1): 10 MB
Progress (1): 10 MB
Progress (1): 10 MB
Progress (1): 10 MB
Progress (1): 10 MB
Progress (1): 10 MB
Progress (1): 10 MB
Progress (1): 10 MB
Progress (1): 10 MB
Progress (1): 10 MB
Progress (1): 10 MB
Progress (1): 10 MB
Progress (1): 10 MB
Progress (1): 10 MB
Progress (1): 10 MB
Progress (1): 10 MB
Progress (1): 11 MB
Progress (1): 11 MB
Progress (1): 11 MB
Progress (1): 11 MB
Progress (1): 11 MB
Progress (1): 11 MB
Progress (1): 11 MB
Progress (1): 11 MB
Progress (1): 11 MB
Progress (1): 11 MB
Progress (1): 11 MB
Progress (1): 11 MB
Progress (1): 11 MB
Progress (1): 11 MB
Progress (1): 11 MB
Progress (1): 11 MB
Progress (1): 11 MB
Progress (1): 11 MB
Progress (1): 11 MB
Progress (1): 11 MB
Progress (1): 11 MB
Progress (1): 11 MB
Progress (1): 11 MB
Progress (1): 11 MB
Progress (1): 11 MB
Progress (1): 11 MB
Progress (1): 11 MB
Progress (1): 11 MB
Progress (1): 11 MB
Progress (1): 11 MB
Progress (1): 11 MB
Progress (1): 11 MB
Progress (1): 11 MB
Progress (1): 11 MB
Progress (1): 11 MB
Progress (1): 11 MB
Progress (1): 11 MB
Progress (1): 11 MB
Progress (1): 11 MB
Progress (1): 11 MB
Progress (1): 11 MB
Progress (1): 11 MB
Progress (1): 11 MB
Progress (1): 11 MB
Progress (1): 11 MB
Progress (1): 11 MB
Progress (1): 11 MB
Progress (1): 11 MB
Progress (1): 11 MB
Progress (1): 11 MB
Progress (1): 11 MB
Progress (1): 11 MB
Progress (1): 11 MB
Progress (1): 11 MB
Progress (1): 11 MB
Progress (1): 11 MB
Progress (1): 11 MB
Progress (1): 11 MB
Progress (1): 11 MB
Progress (1): 11 MB
Progress (1): 11 MB
Progress (1): 11 MB
Progress (1): 11 MB
Progress (1): 11 MB
Progress (1): 11 MB
Progress (1): 11 MB
Progress (1): 11 MB
Progress (1): 11 MB
Progress (1): 11 MB
Progress (1): 11 MB
Progress (1): 11 MB
Progress (1): 11 MB
Progress (1): 11 MB
Progress (1): 11 MB
Progress (1): 11 MB
Progress (1): 11 MB
Progress (1): 11 MB
Progress (1): 11 MB
Progress (1): 11 MB
Progress (1): 11 MB
Progress (1): 11 MB
Progress (1): 11 MB
Progress (1): 11 MB
Progress (1): 11 MB
Progress (1): 11 MB
Progress (1): 11 MB
Progress (1): 11 MB
Progress (1): 11 MB
Progress (1): 11 MB
Progress (1): 11 MB
Progress (1): 11 MB
Progress (1): 11 MB
Progress (1): 11 MB
Progress (1): 11 MB
Progress (1): 11 MB
Progress (1): 11 MB
Progress (1): 11 MB
Progress (1): 11 MB
Progress (1): 11 MB
Progress (1): 11 MB
Progress (1): 11 MB
Progress (1): 11 MB
Progress (1): 11 MB
Progress (1): 11 MB
Progress (1): 11 MB
Progress (1): 11 MB
Progress (1): 11 MB
Progress (1): 11 MB
Progress (1): 11 MB
Progress (1): 11 MB
Progress (1): 11 MB
Progress (1): 11 MB
Progress (1): 11 MB
Progress (1): 11 MB
Progress (1): 11 MB
Progress (1): 11 MB
Progress (1): 11 MB
Progress (1): 11 MB
Progress (1): 11 MB
Progress (1): 11 MB
Progress (1): 11 MB
Progress (1): 11 MB
Progress (1): 11 MB
Progress (1): 11 MB
Progress (1): 11 MB
Progress (1): 11 MB
Progress (1): 11 MB
Progress (1): 11 MB
Progress (1): 11 MB
Progress (1): 11 MB
Progress (1): 11 MB
Progress (1): 11 MB
Progress (1): 11 MB
Progress (1): 11 MB
Progress (1): 11 MB
Progress (1): 11 MB
Progress (1): 11 MB
Progress (1): 11 MB
Progress (1): 11 MB
Progress (1): 11 MB
Progress (1): 11 MB
Progress (1): 11 MB
Progress (1): 11 MB
Progress (1): 11 MB
Progress (1): 11 MB
Progress (1): 11 MB
Progress (1): 11 MB
Progress (1): 11 MB
Progress (1): 11 MB
Progress (1): 11 MB
Progress (1): 11 MB
Progress (1): 11 MB
Progress (1): 11 MB
Progress (1): 11 MB
Progress (1): 11 MB
Progress (1): 11 MB
Progress (1): 11 MB
Progress (1): 11 MB
Progress (1): 11 MB
Progress (1): 11 MB
Progress (1): 11 MB
Progress (1): 11 MB
Progress (1): 11 MB
Progress (1): 11 MB
Progress (1): 11 MB
Progress (1): 11 MB
Progress (1): 11 MB
Progress (1): 11 MB
Progress (1): 11 MB
Progress (1): 11 MB
Progress (1): 11 MB
Progress (1): 11 MB
Progress (1): 11 MB
Progress (1): 11 MB
Progress (1): 11 MB
Progress (1): 11 MB
Progress (1): 11 MB
Progress (1): 11 MB
Progress (1): 11 MB
Progress (1): 11 MB
Progress (1): 11 MB
Progress (1): 11 MB
Progress (1): 11 MB
Progress (1): 11 MB
Progress (1): 11 MB
Progress (1): 11 MB
Progress (1): 11 MB
Progress (1): 11 MB
Progress (1): 11 MB
Progress (1): 11 MB
Progress (1): 11 MB
Progress (1): 11 MB
Progress (1): 11 MB
Progress (1): 11 MB
Progress (1): 11 MB
Progress (1): 11 MB
Progress (1): 11 MB
Progress (1): 11 MB
Progress (1): 11 MB
Progress (1): 11 MB
Progress (1): 11 MB
Progress (1): 11 MB
Progress (1): 11 MB
Progress (1): 11 MB
Progress (1): 11 MB
Progress (1): 11 MB
Progress (1): 11 MB
Progress (1): 11 MB
Progress (1): 11 MB
Progress (1): 11 MB
Progress (1): 11 MB
Progress (1): 11 MB
Progress (1): 11 MB
Progress (1): 11 MB
Progress (1): 11 MB
Progress (1): 11 MB
Progress (1): 11 MB
Progress (1): 11 MB
Progress (1): 11 MB
Progress (1): 11 MB
Progress (1): 11 MB
Progress (1): 11 MB
Progress (1): 11 MB
Progress (1): 11 MB
Progress (1): 11 MB
Progress (1): 11 MB
Progress (1): 11 MB
Progress (1): 11 MB
Progress (1): 11 MB
Progress (1): 11 MB
Progress (1): 11 MB
Progress (1): 11 MB
Progress (1): 11 MB
Progress (1): 11 MB
Progress (1): 11 MB
Progress (1): 11 MB
Progress (1): 11 MB
Progress (1): 11 MB
Progress (1): 11 MB
Progress (1): 11 MB
Progress (1): 11 MB
Progress (1): 11 MB
Progress (1): 11 MB
Progress (1): 11 MB
Progress (1): 11 MB
Progress (1): 12 MB
Progress (1): 12 MB
Progress (1): 12 MB
Progress (1): 12 MB
Progress (1): 12 MB
Progress (1): 12 MB
Progress (1): 12 MB
Progress (1): 12 MB
Progress (1): 12 MB
Progress (1): 12 MB
Progress (1): 12 MB
Progress (1): 12 MB
Progress (1): 12 MB
Progress (1): 12 MB
Progress (1): 12 MB
Progress (1): 12 MB
Progress (1): 12 MB
Progress (1): 12 MB
Progress (1): 12 MB
Progress (1): 12 MB
Progress (1): 12 MB
Progress (1): 12 MB
Progress (1): 12 MB
Progress (1): 12 MB
Progress (1): 12 MB
Progress (1): 12 MB
Progress (1): 12 MB
Progress (1): 12 MB
Progress (1): 12 MB
Progress (1): 12 MB
Progress (1): 12 MB
Progress (1): 12 MB
Progress (1): 12 MB
Progress (1): 12 MB
Progress (1): 12 MB
Progress (1): 12 MB
Progress (1): 12 MB
Progress (1): 12 MB
Progress (1): 12 MB
Progress (1): 12 MB
Progress (1): 12 MB
Progress (1): 12 MB
Progress (1): 12 MB
Progress (1): 12 MB
Progress (1): 12 MB
Progress (1): 12 MB
Progress (1): 12 MB
Progress (1): 12 MB
Progress (1): 12 MB
Progress (1): 12 MB
Progress (1): 12 MB
Progress (1): 12 MB
Progress (1): 12 MB
Progress (1): 12 MB
Progress (1): 12 MB
Progress (1): 12 MB
Progress (1): 12 MB
Progress (1): 12 MB
Progress (1): 12 MB
Progress (1): 12 MB
Progress (1): 12 MB
Progress (1): 12 MB
Progress (1): 12 MB
Progress (1): 12 MB
Progress (1): 12 MB
Progress (1): 12 MB
Progress (1): 12 MB
Progress (1): 12 MB
Progress (1): 12 MB
Progress (1): 12 MB
Progress (1): 12 MB
Progress (1): 12 MB
Progress (1): 12 MB
Progress (1): 12 MB
Progress (1): 12 MB
Progress (1): 12 MB
Progress (1): 12 MB
Progress (1): 12 MB
Progress (1): 12 MB
Progress (1): 12 MB
Progress (1): 12 MB
Progress (1): 12 MB
Progress (1): 12 MB
Progress (1): 12 MB
Progress (1): 12 MB
Progress (1): 12 MB
Progress (1): 12 MB
Progress (1): 12 MB
Progress (1): 12 MB
Progress (1): 12 MB
Progress (1): 12 MB
Progress (1): 12 MB
Progress (1): 12 MB
Progress (1): 12 MB
Progress (1): 12 MB
Progress (1): 12 MB
Progress (1): 12 MB
Progress (1): 12 MB
Progress (1): 12 MB
Progress (1): 12 MB
Progress (1): 12 MB
Progress (1): 12 MB
Progress (1): 12 MB
Progress (1): 12 MB
Progress (1): 12 MB
Progress (1): 12 MB
Progress (1): 12 MB
Progress (1): 12 MB
Progress (1): 12 MB
Progress (1): 12 MB
Progress (1): 12 MB
Progress (1): 12 MB
Progress (1): 12 MB
Progress (1): 12 MB
Progress (1): 12 MB
Progress (1): 12 MB
Progress (1): 12 MB
Progress (1): 12 MB
Progress (1): 12 MB
Progress (1): 12 MB
Progress (1): 12 MB
                   
Downloaded from aiban-tianyin-core: https://aiban-maven.pkg.coding.net/repository/tianyin/core/com/hazelcast/hazelcast/3.12.13/hazelcast-3.12.13.jar (12 MB at 3.4 MB/s)
[[1;34mINFO[m] 
[[1;34mINFO[m] [1m--- [0;32mmaven-clean-plugin:3.4.0:clean[m [1m(default-clean)[m @ [36msocketio-spring-boot-starter[0;1m ---[m
[[1;34mINFO[m] Deleting /Users/wandl/workspaces/workspace-ddd4j/workspace-ddd4j-boot-starters/socketio-spring-boot-starter/target
[[1;34mINFO[m] 
[[1;34mINFO[m] [1m--- [0;32mmaven-enforcer-plugin:3.5.0:enforce[m [1m(default-cli)[m @ [36msocketio-spring-boot-starter[0;1m ---[m
[[1;34mINFO[m] Rule 0: org.apache.maven.enforcer.rules.version.RequireMavenVersion passed
[[1;34mINFO[m] Rule 1: org.apache.maven.enforcer.rules.version.RequireJavaVersion passed
[[1;34mINFO[m] 
[[1;34mINFO[m] [1m--- [0;32mmaven-resources-plugin:3.3.1:resources[m [1m(default-resources)[m @ [36msocketio-spring-boot-starter[0;1m ---[m
[[1;34mINFO[m] Copying 0 resource from src/main/resources to target/classes
[[1;34mINFO[m] Copying 3 resources from src/main/resources to target/classes
[[1;34mINFO[m] 
[[1;34mINFO[m] [1m--- [0;32mmaven-compiler-plugin:3.13.0:compile[m [1m(default-compile)[m @ [36msocketio-spring-boot-starter[0;1m ---[m
[[1;34mINFO[m] Recompiling the module because of [1mchanged dependency[m.
[[1;34mINFO[m] Compiling 22 source files with javac [debug parameters release 17] to target/classes
[[1;34mINFO[m] 由于在类路径中发现了一个或多个处理程序，因此启用了
  批注处理。未来发行版的 javac 可能会禁用批注处理，
  除非至少按名称指定了一个处理程序 (-processor)，
  或指定了搜索路径 (--processor-path, --processor-module-path)，
  或显式启用了批注处理 (-proc:only, -proc:full)。
  可使用 -Xlint:-options 隐藏此消息。
  可使用 -proc:none 禁用批注处理。
[[1;34mINFO[m] -------------------------------------------------------------
[[1;31mERROR[m] COMPILATION ERROR : 
[[1;34mINFO[m] -------------------------------------------------------------
[[1;31mERROR[m] /Users/wandl/workspaces/workspace-ddd4j/workspace-ddd4j-boot-starters/socketio-spring-boot-starter/src/main/java/com/corundumstudio/socketio/spring/boot/SocketIORedisTemplateConfiguration.java:[12,57] 程序包org.springframework.boot.autoconfigure.data.redis不存在
[[1;31mERROR[m] /Users/wandl/workspaces/workspace-ddd4j/workspace-ddd4j-boot-starters/socketio-spring-boot-starter/src/main/java/com/corundumstudio/socketio/spring/boot/SocketIORedisTemplateConfiguration.java:[26,21] 找不到符号
  符号: 类 RedisAutoConfiguration
[[1;34mINFO[m] 2 errors 
[[1;34mINFO[m] -------------------------------------------------------------
[[1;34mINFO[m] [1m------------------------------------------------------------------------[m
[[1;34mINFO[m] [1;31mBUILD FAILURE[m
[[1;34mINFO[m] [1m------------------------------------------------------------------------[m
[[1;34mINFO[m] Total time:  10.423 s
[[1;34mINFO[m] Finished at: 2026-03-16T14:18:18+08:00
[[1;34mINFO[m] [1m------------------------------------------------------------------------[m
[[1;31mERROR[m] Failed to execute goal [32morg.apache.maven.plugins:maven-compiler-plugin:3.13.0:compile[m [1m(default-compile)[m on project [36msocketio-spring-boot-starter[m: [1;31mCompilation failure[m: Compilation failure: 
[[1;31mERROR[m] /Users/wandl/workspaces/workspace-ddd4j/workspace-ddd4j-boot-starters/socketio-spring-boot-starter/src/main/java/com/corundumstudio/socketio/spring/boot/SocketIORedisTemplateConfiguration.java:[12,57] 程序包org.springframework.boot.autoconfigure.data.redis不存在
[[1;31mERROR[m] /Users/wandl/workspaces/workspace-ddd4j/workspace-ddd4j-boot-starters/socketio-spring-boot-starter/src/main/java/com/corundumstudio/socketio/spring/boot/SocketIORedisTemplateConfiguration.java:[26,21] 找不到符号
[[1;31mERROR[m]   符号: 类 RedisAutoConfiguration
[[1;31mERROR[m] -> [1m[Help 1][m
[[1;31mERROR[m] 
[[1;31mERROR[m] To see the full stack trace of the errors, re-run Maven with the [1m-e[m switch.
[[1;31mERROR[m] Re-run Maven using the [1m-X[m switch to enable full debug logging.
[[1;31mERROR[m] 
[[1;31mERROR[m] For more information about the errors and possible solutions, please read the following articles:
[[1;31mERROR[m] [1m[Help 1][m http://cwiki.apache.org/confluence/display/MAVEN/MojoFailureException
[socketio-spring-boot-starter/3.3.x] 失败 - 查看日志
[socketio-spring-boot-starter/3.4.x] 失败 - 分支切换失败
[socketio-spring-boot-starter/3.5.x] 失败 - 分支切换失败
[[1;34mINFO[m] Scanning for projects...
[[1;34mINFO[m] 
[[1;34mINFO[m] [1m-----------< [0;36mio.github.hiwepy:socketio-spring-boot-starter[0;1m >-----------[m
[[1;34mINFO[m] [1mBuilding io.github.hiwepy:socketio-spring-boot-starter 4.0.x.20251227-SNAPSHOT[m
[[1;34mINFO[m] [1m--------------------------------[ jar ]---------------------------------[m
[[1;34mINFO[m] 
[[1;34mINFO[m] [1m--- [0;32mmaven-clean-plugin:3.4.0:clean[m [1m(default-clean)[m @ [36msocketio-spring-boot-starter[0;1m ---[m
[[1;34mINFO[m] Deleting /Users/wandl/workspaces/workspace-ddd4j/workspace-ddd4j-boot-starters/socketio-spring-boot-starter/target
[[1;34mINFO[m] 
[[1;34mINFO[m] [1m--- [0;32mmaven-enforcer-plugin:3.5.0:enforce[m [1m(default-cli)[m @ [36msocketio-spring-boot-starter[0;1m ---[m
[[1;34mINFO[m] Rule 0: org.apache.maven.enforcer.rules.version.RequireMavenVersion passed
[[1;34mINFO[m] Rule 1: org.apache.maven.enforcer.rules.version.RequireJavaVersion passed
[[1;34mINFO[m] 
[[1;34mINFO[m] [1m--- [0;32mmaven-resources-plugin:3.3.1:resources[m [1m(default-resources)[m @ [36msocketio-spring-boot-starter[0;1m ---[m
[[1;34mINFO[m] Copying 0 resource from src/main/resources to target/classes
[[1;34mINFO[m] Copying 3 resources from src/main/resources to target/classes
[[1;34mINFO[m] 
[[1;34mINFO[m] [1m--- [0;32mmaven-compiler-plugin:3.13.0:compile[m [1m(default-compile)[m @ [36msocketio-spring-boot-starter[0;1m ---[m
[[1;34mINFO[m] Recompiling the module because of [1mchanged source code[m.
[[1;34mINFO[m] Compiling 22 source files with javac [debug parameters release 17] to target/classes
[[1;34mINFO[m] 由于在类路径中发现了一个或多个处理程序，因此启用了
  批注处理。未来发行版的 javac 可能会禁用批注处理，
  除非至少按名称指定了一个处理程序 (-processor)，
  或指定了搜索路径 (--processor-path, --processor-module-path)，
  或显式启用了批注处理 (-proc:only, -proc:full)。
  可使用 -Xlint:-options 隐藏此消息。
  可使用 -proc:none 禁用批注处理。
[[1;34mINFO[m] -------------------------------------------------------------
[[1;31mERROR[m] COMPILATION ERROR : 
[[1;34mINFO[m] -------------------------------------------------------------
[[1;31mERROR[m] /Users/wandl/workspaces/workspace-ddd4j/workspace-ddd4j-boot-starters/socketio-spring-boot-starter/src/main/java/com/corundumstudio/socketio/spring/boot/SocketIORedisTemplateConfiguration.java:[12,57] 程序包org.springframework.boot.autoconfigure.data.redis不存在
[[1;31mERROR[m] /Users/wandl/workspaces/workspace-ddd4j/workspace-ddd4j-boot-starters/socketio-spring-boot-starter/src/main/java/com/corundumstudio/socketio/spring/boot/SocketIORedisTemplateConfiguration.java:[26,21] 找不到符号
  符号: 类 RedisAutoConfiguration
[[1;34mINFO[m] 2 errors 
[[1;34mINFO[m] -------------------------------------------------------------
[[1;34mINFO[m] [1m------------------------------------------------------------------------[m
[[1;34mINFO[m] [1;31mBUILD FAILURE[m
[[1;34mINFO[m] [1m------------------------------------------------------------------------[m
[[1;34mINFO[m] Total time:  0.979 s
[[1;34mINFO[m] Finished at: 2026-03-16T14:18:20+08:00
[[1;34mINFO[m] [1m------------------------------------------------------------------------[m
[[1;31mERROR[m] Failed to execute goal [32morg.apache.maven.plugins:maven-compiler-plugin:3.13.0:compile[m [1m(default-compile)[m on project [36msocketio-spring-boot-starter[m: [1;31mCompilation failure[m: Compilation failure: 
[[1;31mERROR[m] /Users/wandl/workspaces/workspace-ddd4j/workspace-ddd4j-boot-starters/socketio-spring-boot-starter/src/main/java/com/corundumstudio/socketio/spring/boot/SocketIORedisTemplateConfiguration.java:[12,57] 程序包org.springframework.boot.autoconfigure.data.redis不存在
[[1;31mERROR[m] /Users/wandl/workspaces/workspace-ddd4j/workspace-ddd4j-boot-starters/socketio-spring-boot-starter/src/main/java/com/corundumstudio/socketio/spring/boot/SocketIORedisTemplateConfiguration.java:[26,21] 找不到符号
[[1;31mERROR[m]   符号: 类 RedisAutoConfiguration
[[1;31mERROR[m] -> [1m[Help 1][m
[[1;31mERROR[m] 
[[1;31mERROR[m] To see the full stack trace of the errors, re-run Maven with the [1m-e[m switch.
[[1;31mERROR[m] Re-run Maven using the [1m-X[m switch to enable full debug logging.
[[1;31mERROR[m] 
[[1;31mERROR[m] For more information about the errors and possible solutions, please read the following articles:
[[1;31mERROR[m] [1m[Help 1][m http://cwiki.apache.org/confluence/display/MAVEN/MojoFailureException
[socketio-spring-boot-starter/4.0.x] 失败 - 查看日志
[socketio-spring-boot-starter/master] 失败 - 分支切换失败
